firstName,lastName,gameNumber,careerGameNumber,teamGameNumber,Season,Date,Opp,Result,teamResult,PA,AB,H,HR,SB,CS,BB,SO,TB,GIDP,HBP,ROE,IBB,WPA,battingOrderPosition,Pos\,Position,Postion1,Position2,Position3
Ceddanne,Rafaela,1,1,132,2023,2023-08-28,HOU,L 5-13,L,1,1,1,0,0,0,0,0,1,0,0,0,0,0.001,2,CF\,CF,CF,,
Ceddanne,Rafaela,2,2,134,2023,2023-08-30,HOU,L 4-7,L,4,4,1,0,0,0,0,2,2,0,0,0,0,-0.01,1,SS\,SS,SS,,
Ceddanne,Rafaela,3,3,135,2023,2023-09-01,KCR,L 2-13,L,2,2,1,0,0,0,0,1,1,0,0,0,0,0,5,PH CF\,PH CF,PH,CF,
Ceddanne,Rafaela,4,4,136,2023,2023-09-02,KCR,W 9-5,W,1,1,0,0,0,0,0,1,0,0,0,0,0,-0.001,6,CF\,CF,CF,,
Ceddanne,Rafaela,5,5,137,2023,2023-09-03,KCR,W 7-3,W,0,0,0,0,0,0,0,0,0,,0,0,,,6,CF\,CF,CF,,
Ceddanne,Rafaela,6,6,138,2023,2023-09-04,TBR,W 7-3,W,0,0,0,0,0,0,0,0,0,,0,0,,,6,CF\,CF,CF,,
Ceddanne,Rafaela,7,7,139,2023,2023-09-05,TBR,L 6-8 (11),L,6,6,3,0,0,1,0,2,3,0,0,0,0,0.03,1,SS\,SS,SS,,
Ceddanne,Rafaela,8,8,140,2023,2023-09-06,TBR,L 1-3,L,1,1,1,0,0,0,0,0,2,0,0,0,0,0.029,1,PH 2B\,PH 2B,PH,2B,
Ceddanne,Rafaela,9,9,141,2023,2023-09-08,BAL,L 2-11,L,1,1,0,0,0,0,0,1,0,0,0,0,0,-0.01,8,PH 2B\,PH 2B,PH,2B,
Ceddanne,Rafaela,10,10,142,2023,2023-09-09,BAL,L 12-13,L,1,1,1,0,0,0,0,0,1,0,0,0,0,0.024,3,PR DH\,PR DH,PR,DH,
Ceddanne,Rafaela,11,11,143,2023,2023-09-10,BAL,W 7-3,W,5,4,0,0,1,0,1,2,0,0,0,0,0,-0.146,1,CF\,CF,CF,,
Ceddanne,Rafaela,12,12,144,2023,2023-09-12,NYY,L 2-3,L,4,3,0,0,0,0,1,2,0,0,0,0,0,-0.031,7,SS\,SS,SS,,
Ceddanne,Rafaela,13,13,145,2023,2023-09-12,NYY,L 1-4,L,5,5,2,1,0,0,0,1,6,0,0,0,0,0.017,1,CF\,CF,CF,,
Ceddanne,Rafaela,14,14,146,2023,2023-09-14,NYY,W 5-0,W,4,4,2,1,0,0,0,2,6,0,0,0,0,0.124,1,CF\,CF,CF,,
Ceddanne,Rafaela,15,15,147,2023,2023-09-14,NYY,L 5-8,L,5,5,2,0,0,0,0,1,2,1,0,0,0,-0.005,1,SS\,SS,SS,,
Ceddanne,Rafaela,16,16,148,2023,2023-09-15,TOR,L 0-3,L,4,4,1,0,0,0,0,1,1,0,0,0,0,-0.032,1,CF\,CF,CF,,
Ceddanne,Rafaela,17,17,149,2023,2023-09-16,TOR,L 3-4 (13),L,3,3,0,0,0,0,0,1,0,0,0,0,0,-0.294,1,PH CF\,PH CF,PH,CF,
Ceddanne,Rafaela,18,18,150,2023,2023-09-17,TOR,L 2-3,L,5,5,1,0,0,0,0,0,2,0,0,0,0,-0.027,1,2B CF\,2B CF,2B,CF,
Ceddanne,Rafaela,19,19,151,2023,2023-09-18,TEX,W 4-2,W,4,4,0,0,0,0,0,2,0,0,0,0,0,-0.218,1,CF\,CF,CF,,
Ceddanne,Rafaela,20,20,153,2023,2023-09-20,TEX,L 5-15,L,5,5,2,0,0,0,0,1,2,1,0,0,0,-0.022,1,SS\,SS,SS,,
Ceddanne,Rafaela,21,21,154,2023,2023-09-22,CHW,W 3-2,W,4,2,0,0,0,0,0,0,0,0,1,0,0,0.066,1,2B CF\,2B CF,2B,CF,
Ceddanne,Rafaela,22,22,155,2023,2023-09-23,CHW,L 0-1,L,5,4,1,0,0,0,1,1,2,0,0,0,0,-0.17,1,CF\,CF,CF,,
Ceddanne,Rafaela,23,23,156,2023,2023-09-24,CHW,L 2-3 (6),L,3,3,1,0,0,0,0,0,1,0,0,0,0,-0.107,1,CF\,CF,CF,,
Ceddanne,Rafaela,24,24,158,2023,2023-09-27,TBR,L 0-5,L,4,4,0,0,0,0,0,3,0,0,0,0,0,-0.067,1,CF\,CF,CF,,
Ceddanne,Rafaela,25,25,159,2023,2023-09-28,BAL,L 0-2,L,4,4,0,0,0,0,0,1,0,0,0,0,0,-0.158,1,CF\,CF,CF,,
Ceddanne,Rafaela,26,26,160,2023,2023-09-29,BAL,W 3-0,W,4,3,0,0,1,0,1,1,0,0,0,0,0,-0.026,1,CF\,CF,CF,,
Ceddanne,Rafaela,27,27,161,2023,2023-09-30,BAL,L 2-5,L,2,2,0,0,0,0,0,1,0,0,0,0,0,-0.16,8,PH CF\,PH CF,PH,CF,
Ceddanne,Rafaela,28,28,162,2023,2023-10-01,BAL,W 6-1,W,2,2,0,0,1,0,0,1,0,0,0,0,0,-0.009,4,PR CF\,PR CF,PR,CF,
Ceddanne,Rafaela,1,29,1,2024,2024-03-28,SEA,W 6-4,W,4,4,1,0,0,1,0,1,3,0,0,0,0,0.043,7,CF\,CF,CF,,
Ceddanne,Rafaela,2,30,2,2024,2024-03-29,SEA,L 0-1,L,4,4,1,0,0,0,0,2,1,0,0,0,0,-0.059,6,CF\,CF,CF,,
Ceddanne,Rafaela,3,31,3,2024,2024-03-30,SEA,L 3-4 (10),L,4,4,2,0,0,0,0,2,3,0,0,0,0,0.006,6,CF\,CF,CF,,
Ceddanne,Rafaela,4,32,4,2024,2024-03-31,SEA,W 5-1,W,0,0,0,0,0,0,0,0,0,,0,0,,,8,2B\,2B,2B,,
Ceddanne,Rafaela,5,33,5,2024,2024-04-01,OAK,W 9-0,W,5,3,0,0,0,0,0,2,0,0,0,0,0,0.045,8,CF\,CF,CF,,
Ceddanne,Rafaela,6,34,6,2024,2024-04-02,OAK,W 5-4 (11),W,5,4,0,0,0,0,1,0,0,0,0,0,0,-0.227,7,2B CF\,2B CF,2B,CF,
Ceddanne,Rafaela,7,35,7,2024,2024-04-03,OAK,W 1-0,W,4,4,1,0,0,0,0,0,1,0,0,0,0,0.029,6,CF\,CF,CF,,
Ceddanne,Rafaela,8,36,8,2024,2024-04-05,LAA,W 8-6,W,4,2,0,0,1,0,1,0,0,0,1,0,0,0.004,8,CF\,CF,CF,,
Ceddanne,Rafaela,9,37,9,2024,2024-04-06,LAA,L 1-2,L,2,2,0,0,0,0,0,2,0,0,0,0,0,-0.048,7,CF\,CF,CF,,
Ceddanne,Rafaela,10,38,10,2024,2024-04-07,LAA,W 12-2,W,3,3,2,0,0,0,0,0,4,0,0,0,0,-0.006,7,PH CF\,PH CF,PH,CF,
Ceddanne,Rafaela,11,39,11,2024,2024-04-09,BAL,L 1-7,L,3,3,0,0,0,0,0,2,0,0,0,0,0,-0.079,6,CF\,CF,CF,,
Ceddanne,Rafaela,12,40,12,2024,2024-04-10,BAL,L 5-7,L,3,3,0,0,0,0,0,2,0,0,0,0,0,-0.044,9,2B CF\,2B CF,2B,CF,
Ceddanne,Rafaela,13,41,13,2024,2024-04-11,BAL,L 4-9 (10),L,1,1,0,0,0,0,0,0,0,0,0,0,0,-0.027,6,2B CF\,2B CF,2B,CF,
Ceddanne,Rafaela,14,42,14,2024,2024-04-12,LAA,L 0-7,L,3,3,0,0,0,0,0,1,0,0,0,0,0,-0.026,8,CF\,CF,CF,,
Ceddanne,Rafaela,15,43,15,2024,2024-04-13,LAA,W 7-2,W,4,3,1,0,0,1,1,0,1,0,0,0,0,0.036,7,CF\,CF,CF,,
Ceddanne,Rafaela,16,44,16,2024,2024-04-14,LAA,W 5-4,W,4,4,0,0,0,0,0,0,0,0,0,0,0,-0.052,8,2B CF\,2B CF,2B,CF,
Ceddanne,Rafaela,17,45,17,2024,2024-04-15,CLE,L 0-6,L,3,3,0,0,0,0,0,0,0,0,0,0,0,-0.08,9,SS CF\,SS CF,SS,CF,
Ceddanne,Rafaela,18,46,18,2024,2024-04-16,CLE,L 7-10 (11),L,5,5,1,0,0,0,0,1,2,0,0,0,0,-0.149,9,CF\,CF,CF,,
Ceddanne,Rafaela,19,47,19,2024,2024-04-17,CLE,W 2-0,W,3,3,0,0,0,0,0,2,0,0,0,0,0,-0.055,9,CF\,CF,CF,,
Ceddanne,Rafaela,20,48,20,2024,2024-04-18,CLE,L 4-5,L,4,4,1,0,0,0,0,2,1,0,0,0,0,-0.126,9,2B CF\,2B CF,2B,CF,
Ceddanne,Rafaela,21,49,21,2024,2024-04-19,PIT,W 8-1,W,4,4,1,1,1,0,0,0,4,0,0,0,0,0.036,9,SS\,SS,SS,,
Ceddanne,Rafaela,22,50,22,2024,2024-04-20,PIT,W 4-2,W,4,4,0,0,0,0,0,1,0,0,0,0,0,-0.054,9,SS\,SS,SS,,
Ceddanne,Rafaela,23,51,23,2024,2024-04-21,PIT,W 6-1,W,5,4,1,0,0,0,1,1,1,0,0,0,0,-0.025,1,SS\,SS,SS,,
Ceddanne,Rafaela,24,52,24,2024,2024-04-23,CLE,L 1-4,L,4,4,0,0,0,0,0,3,0,0,0,0,0,-0.115,1,SS 3B\,SS 3B,SS,3B,
Ceddanne,Rafaela,25,53,25,2024,2024-04-24,CLE,W 8-0,W,4,4,2,0,1,0,0,0,3,0,0,0,0,0.023,9,SS\,SS,SS,,
Ceddanne,Rafaela,26,54,26,2024,2024-04-25,CLE,L 4-6,L,4,4,0,0,0,0,0,2,0,1,0,0,0,-0.188,9,SS 3B\,SS 3B,SS,3B,
Ceddanne,Rafaela,27,55,27,2024,2024-04-26,CHC,L 1-7,L,4,4,0,0,0,0,0,0,0,0,0,1,0,0.001,9,SS\,SS,SS,,
Ceddanne,Rafaela,28,56,28,2024,2024-04-27,CHC,W 17-0,W,5,4,4,1,1,0,0,0,9,0,0,0,0,0.052,9,SS\,SS,SS,,
Ceddanne,Rafaela,29,57,29,2024,2024-04-28,CHC,W 5-4,W,4,4,1,0,0,0,0,1,2,0,0,0,0,-0.044,9,SS\,SS,SS,,
Ceddanne,Rafaela,30,58,30,2024,2024-04-30,SFG,W 4-0,W,4,4,0,0,0,0,0,2,0,0,0,0,0,-0.074,9,SS\,SS,SS,,
Ceddanne,Rafaela,31,59,31,2024,2024-05-01,SFG,W 6-2,W,4,4,1,0,0,0,0,1,1,0,0,0,0,0.002,9,SS\,SS,SS,,
Ceddanne,Rafaela,32,60,32,2024,2024-05-02,SFG,L 1-3,L,4,4,1,0,0,0,0,1,2,0,0,0,0,-0.037,8,SS\,SS,SS,,
Ceddanne,Rafaela,33,61,33,2024,2024-05-03,MIN,L 2-5,L,3,3,1,0,0,1,0,2,1,0,0,0,0,-0.07,9,SS\,SS,SS,,
Ceddanne,Rafaela,34,62,34,2024,2024-05-04,MIN,L 1-3,L,3,3,1,0,0,0,0,1,1,0,0,0,0,-0.032,9,SS\,SS,SS,,
Ceddanne,Rafaela,35,63,35,2024,2024-05-05,MIN,W 9-2,W,4,3,1,1,0,0,0,1,4,0,0,0,0,0.141,8,SS CF\,SS CF,SS,CF,
Ceddanne,Rafaela,36,64,36,2024,2024-05-07,ATL,L 2-4,L,4,4,2,0,0,0,0,1,2,0,0,0,0,0.097,9,SS\,SS,SS,,
Ceddanne,Rafaela,37,65,37,2024,2024-05-08,ATL,L 0-5,L,4,4,1,0,0,0,0,1,1,0,0,1,0,0.015,9,SS\,SS,SS,,
Ceddanne,Rafaela,38,66,38,2024,2024-05-10,WSN,L 1-5,L,4,3,1,0,0,0,1,1,1,0,0,0,0,0.056,9,SS CF\,SS CF,SS,CF,
Ceddanne,Rafaela,39,67,39,2024,2024-05-11,WSN,W 4-2,W,3,3,0,0,0,0,0,1,0,0,0,0,0,-0.121,9,SS CF\,SS CF,SS,CF,
Ceddanne,Rafaela,40,68,40,2024,2024-05-12,WSN,W 3-2,W,3,3,1,0,0,0,0,1,2,0,0,0,0,0.101,9,SS CF\,SS CF,SS,CF,
Ceddanne,Rafaela,41,69,41,2024,2024-05-13,TBR,L 3-5,L,3,3,0,0,0,0,0,0,0,0,0,0,0,-0.139,9,CF\,CF,CF,,
Ceddanne,Rafaela,42,70,42,2024,2024-05-14,TBR,W 5-4 (12),W,4,3,1,1,0,0,0,0,4,0,0,0,0,0.012,9,SS 3B\,SS 3B,SS,3B,
Ceddanne,Rafaela,43,71,43,2024,2024-05-15,TBR,L 3-4,L,4,3,0,0,0,0,1,0,0,0,0,0,0,-0.094,9,SS\,SS,SS,,
Ceddanne,Rafaela,44,72,44,2024,2024-05-16,TBR,L 5-7,L,4,4,0,0,0,0,0,1,0,0,0,0,0,-0.141,9,SS\,SS,SS,,
Ceddanne,Rafaela,45,73,46,2024,2024-05-18,STL,L 2-7,L,3,3,0,0,0,0,0,0,0,0,0,0,0,-0.106,9,CF\,CF,CF,,
Ceddanne,Rafaela,46,74,47,2024,2024-05-19,STL,W 11-3,W,4,4,0,0,1,0,0,2,0,0,0,0,0,-0.072,9,SS CF 3B\,SS CF 3B,SS,CF,3B
Ceddanne,Rafaela,47,75,48,2024,2024-05-20,TBR,W 5-0,W,3,3,1,1,0,0,0,1,4,0,0,0,0,0.05,9,SS\,SS,SS,,
Ceddanne,Rafaela,48,76,49,2024,2024-05-21,TBR,W 5-2,W,4,4,1,0,1,0,0,1,1,0,0,0,0,0.071,9,CF\,CF,CF,,
Ceddanne,Rafaela,49,77,50,2024,2024-05-22,TBR,W 8-5,W,4,4,1,0,0,0,0,1,1,0,0,1,0,0.077,9,CF\,CF,CF,,
Ceddanne,Rafaela,50,78,51,2024,2024-05-24,MIL,L 2-7,L,4,4,0,0,0,0,0,0,0,1,0,0,0,-0.134,9,CF\,CF,CF,,
Ceddanne,Rafaela,51,79,52,2024,2024-05-25,MIL,L 3-6,L,4,4,2,0,0,0,0,0,2,0,0,0,0,0.036,8,SS\,SS,SS,,
Ceddanne,Rafaela,52,80,53,2024,2024-05-26,MIL,W 2-1,W,3,3,2,0,1,0,0,1,3,0,0,0,0,0.181,9,CF\,CF,CF,,
Ceddanne,Rafaela,53,81,54,2024,2024-05-27,BAL,L 3-11,L,4,4,1,0,0,0,0,3,1,0,0,0,0,-0.114,9,CF\,CF,CF,,
Ceddanne,Rafaela,54,82,55,2024,2024-05-28,BAL,W 8-3,W,4,3,1,0,0,0,1,1,1,0,0,0,0,0.009,9,CF\,CF,CF,,
Ceddanne,Rafaela,55,83,56,2024,2024-05-29,BAL,L 1-6,L,4,4,0,0,0,0,0,1,0,0,0,0,0,-0.062,9,CF\,CF,CF,,
Ceddanne,Rafaela,56,84,57,2024,2024-05-30,DET,L 0-5,L,1,1,0,0,0,0,0,1,0,0,0,0,0,-0.01,2,PH\,PH,PH,,
Ceddanne,Rafaela,57,85,58,2024,2024-05-31,DET,W 7-3,W,4,4,2,2,0,0,0,1,8,0,0,0,0,0.262,9,CF\,CF,CF,,
Ceddanne,Rafaela,58,86,59,2024,2024-06-01,DET,W 6-3,W,4,4,1,0,1,0,0,3,1,0,0,0,0,-0.027,8,CF\,CF,CF,,
Ceddanne,Rafaela,59,87,60,2024,2024-06-02,DET,L 4-8 (10),L,4,3,0,0,0,1,1,1,0,0,0,0,0,-0.12,8,SS CF\,SS CF,SS,CF,
Ceddanne,Rafaela,60,88,61,2024,2024-06-04,ATL,L 3-8,L,3,3,0,0,0,1,0,1,0,0,0,1,0,-0.061,9,SS\,SS,SS,,
Ceddanne,Rafaela,61,89,62,2024,2024-06-05,ATL,W 9-0,W,4,4,0,0,0,0,0,2,0,0,0,0,0,-0.046,8,CF\,CF,CF,,
Ceddanne,Rafaela,62,90,63,2024,2024-06-06,CHW,W 14-2,W,6,6,4,0,0,0,0,0,4,0,0,0,0,0.105,9,CF\,CF,CF,,
Ceddanne,Rafaela,63,91,64,2024,2024-06-07,CHW,L 2-7,L,4,4,1,0,0,0,0,2,1,0,0,1,0,-0.039,9,SS CF\,SS CF,SS,CF,
Ceddanne,Rafaela,64,92,65,2024,2024-06-08,CHW,L 1-6,L,4,4,1,0,0,0,0,2,1,0,0,0,0,-0.102,9,CF\,CF,CF,,
Ceddanne,Rafaela,65,93,66,2024,2024-06-09,CHW,W 6-4 (10),W,4,4,0,0,0,0,0,2,0,0,0,0,0,-0.107,9,CF\,CF,CF,,
Ceddanne,Rafaela,66,94,67,2024,2024-06-11,PHI,L 1-4,L,3,3,0,0,0,0,0,1,0,0,0,0,0,-0.045,9,CF\,CF,CF,,
Ceddanne,Rafaela,67,95,68,2024,2024-06-12,PHI,W 8-6,W,4,3,2,0,0,0,1,0,2,0,0,0,0,0.149,9,CF\,CF,CF,,
Ceddanne,Rafaela,68,96,69,2024,2024-06-13,PHI,W 9-3,W,4,4,2,0,0,0,0,2,3,0,0,0,0,0.036,9,CF\,CF,CF,,
Ceddanne,Rafaela,69,97,70,2024,2024-06-14,NYY,L 1-8,L,4,4,1,0,0,0,0,2,1,0,0,0,0,-0.09,9,CF\,CF,CF,,
Ceddanne,Rafaela,70,98,71,2024,2024-06-15,NYY,W 8-4,W,4,4,3,0,0,0,0,0,4,0,0,0,0,0.06,9,SS CF\,SS CF,SS,CF,
Ceddanne,Rafaela,71,99,72,2024,2024-06-16,NYY,W 9-3,W,4,4,3,0,1,0,0,0,3,0,0,0,0,0.2,9,CF\,CF,CF,,
Ceddanne,Rafaela,72,100,73,2024,2024-06-17,TOR,W 7-3,W,4,3,2,1,0,0,1,1,5,0,0,0,0,0.087,9,CF\,CF,CF,,
Ceddanne,Rafaela,73,101,74,2024,2024-06-18,TOR,W 4-3,W,4,4,3,0,1,0,0,1,4,0,0,0,0,0.418,9,SS\,SS,SS,,
Ceddanne,Rafaela,74,102,76,2024,2024-06-21,CIN,L 2-5,L,3,3,0,0,0,0,0,1,0,0,0,0,0,-0.092,9,CF\,CF,CF,,
Ceddanne,Rafaela,75,103,77,2024,2024-06-22,CIN,W 4-3,W,4,4,1,0,0,0,0,1,1,0,0,0,0,0.064,9,SS CF\,SS CF,SS,CF,
Ceddanne,Rafaela,76,104,78,2024,2024-06-23,CIN,W 7-4,W,4,4,0,0,0,0,0,1,0,0,0,0,0,-0.002,8,SS CF\,SS CF,SS,CF,
Ceddanne,Rafaela,77,105,79,2024,2024-06-24,TOR,W 7-6,W,4,3,1,0,0,1,0,0,1,0,1,0,0,0.121,9,SS\,SS,SS,,
Ceddanne,Rafaela,78,106,80,2024,2024-06-25,TOR,L 4-9,L,4,4,0,0,0,0,0,1,0,0,0,0,0,-0.054,9,SS CF\,SS CF,SS,CF,
Ceddanne,Rafaela,79,107,81,2024,2024-06-26,TOR,L 1-4,L,3,3,0,0,0,0,0,2,0,0,0,0,0,-0.085,9,SS\,SS,SS,,
Ceddanne,Rafaela,80,108,82,2024,2024-06-28,SDP,L 2-9,L,4,4,3,0,0,0,0,0,4,0,0,0,0,-0.011,9,SS\,SS,SS,,
Ceddanne,Rafaela,81,109,83,2024,2024-06-29,SDP,L 1-11,L,3,3,0,0,0,0,0,0,0,1,0,0,0,-0.035,9,SS CF\,SS CF,SS,CF,
Ceddanne,Rafaela,82,110,84,2024,2024-06-30,SDP,W 4-1,W,3,3,0,0,0,0,0,1,0,0,0,0,0,-0.049,9,CF\,CF,CF,,
Ceddanne,Rafaela,83,111,85,2024,2024-07-02,MIA,W 8-3,W,4,4,1,1,0,0,0,0,4,0,0,0,0,0.129,9,SS\,SS,SS,,
Ceddanne,Rafaela,84,112,86,2024,2024-07-03,MIA,W 7-2,W,5,5,2,0,0,0,0,2,5,0,0,0,0,0.022,9,SS\,SS,SS,,
Ceddanne,Rafaela,85,113,87,2024,2024-07-04,MIA,W 6-5 (12),W,5,4,1,0,1,0,1,2,1,0,0,0,1,0.146,9,SS\,SS,SS,,
Ceddanne,Rafaela,86,114,88,2024,2024-07-05,NYY,W 5-3 (10),W,4,4,1,1,0,0,0,1,4,0,0,0,0,0.368,9,SS\,SS,SS,,
Ceddanne,Rafaela,87,115,89,2024,2024-07-06,NYY,L 4-14,L,4,4,0,0,0,0,0,3,0,0,0,0,0,-0.11,9,CF\,CF,CF,,
Ceddanne,Rafaela,88,116,90,2024,2024-07-07,NYY,W 3-0,W,3,3,1,1,0,0,0,0,4,0,0,0,0,0.047,9,SS\,SS,SS,,
Ceddanne,Rafaela,89,117,91,2024,2024-07-09,OAK,W 12-9,W,5,5,2,0,0,0,0,1,4,0,0,0,0,0.126,9,SS\,SS,SS,,
Ceddanne,Rafaela,90,118,92,2024,2024-07-10,OAK,L 2-5,L,4,4,2,0,0,0,0,1,3,0,0,0,0,-0.015,9,SS\,SS,SS,,
Ceddanne,Rafaela,91,119,93,2024,2024-07-11,OAK,W 7-0,W,3,3,0,0,0,0,0,0,0,1,0,0,0,-0.017,9,SS\,SS,SS,,
Ceddanne,Rafaela,92,120,94,2024,2024-07-12,KCR,L 1-6,L,3,3,2,0,0,0,0,0,3,0,0,0,0,0.075,8,CF\,CF,CF,,
Ceddanne,Rafaela,93,121,95,2024,2024-07-13,KCR,W 5-0,W,3,3,0,0,0,0,0,2,0,0,0,0,0,-0.044,9,SS\,SS,SS,,
Ceddanne,Rafaela,94,122,96,2024,2024-07-14,KCR,W 5-4,W,4,4,0,0,0,0,0,3,0,0,0,0,0,-0.056,9,SS CF\,SS CF,SS,CF,
Ceddanne,Rafaela,95,123,97,2024,2024-07-19,LAD,L 1-4,L,3,3,1,0,1,0,0,1,1,0,0,0,0,-0.016,8,SS\,SS,SS,,
Ceddanne,Rafaela,96,124,98,2024,2024-07-20,LAD,L 6-7 (11),L,5,4,2,0,1,0,1,0,2,1,0,0,0,-0.071,9,SS CF\,SS CF,SS,CF,
Ceddanne,Rafaela,97,125,99,2024,2024-07-21,LAD,L 6-9,L,4,4,2,0,0,0,0,0,2,0,0,0,0,0.004,9,SS CF\,SS CF,SS,CF,
Ceddanne,Rafaela,98,126,100,2024,2024-07-22,COL,L 8-9 (12),L,5,5,1,0,0,0,0,0,1,0,0,0,0,-0.203,8,SS\,SS,SS,,
Ceddanne,Rafaela,99,127,101,2024,2024-07-23,COL,W 6-0,W,5,5,0,0,0,0,0,2,0,0,0,0,0,-0.036,8,SS\,SS,SS,,
Ceddanne,Rafaela,100,128,102,2024,2024-07-24,COL,L 7-20,L,4,4,2,0,0,0,0,0,2,0,0,0,0,0.029,9,CF\,CF,CF,,
Ceddanne,Rafaela,101,129,103,2024,2024-07-26,NYY,W 9-7,W,5,4,1,1,1,0,0,2,4,0,1,0,0,0.121,8,SS\,SS,SS,,
Ceddanne,Rafaela,102,130,104,2024,2024-07-27,NYY,L 8-11 (10),L,5,5,1,0,1,0,0,1,1,0,0,0,0,-0.065,9,SS\,SS,SS,,
Ceddanne,Rafaela,103,131,105,2024,2024-07-28,NYY,L 2-8,L,4,4,1,0,0,0,0,2,1,0,0,0,0,-0.026,8,SS\,SS,SS,,
Ceddanne,Rafaela,104,132,106,2024,2024-07-29,SEA,W 14-7,W,4,4,2,0,0,0,0,0,2,0,0,1,0,0.042,9,SS CF\,SS CF,SS,CF,
Ceddanne,Rafaela,105,133,107,2024,2024-07-30,SEA,L 6-10,L,4,2,1,0,0,0,0,0,1,0,2,0,0,-0.005,9,SS\,SS,SS,,
Ceddanne,Rafaela,106,134,108,2024,2024-07-31,SEA,W 3-2 (10),W,4,4,1,0,0,0,0,1,1,0,0,0,0,-0.049,9,SS CF\,SS CF,SS,CF,
Ceddanne,Rafaela,107,135,109,2024,2024-08-02,TEX,W 11-6,W,4,4,2,1,0,0,0,0,5,1,0,0,0,0.012,9,SS\,SS,SS,,
Ceddanne,Rafaela,108,136,110,2024,2024-08-03,TEX,L 4-7,L,4,4,2,0,1,0,0,1,2,0,0,0,0,0.022,9,SS CF\,SS CF,SS,CF,
Ceddanne,Rafaela,109,137,111,2024,2024-08-04,TEX,W 7-2,W,4,4,0,0,0,0,0,1,0,0,0,0,0,-0.072,8,SS\,SS,SS,,
Ceddanne,Rafaela,110,138,112,2024,2024-08-05,KCR,W 9-5,W,4,4,2,0,0,0,0,0,2,0,0,0,0,-0.022,9,CF\,CF,CF,,
Ceddanne,Rafaela,111,139,113,2024,2024-08-06,KCR,W 6-5,W,4,3,0,0,0,1,1,0,0,0,0,1,0,-0.002,9,CF\,CF,CF,,
Ceddanne,Rafaela,112,140,114,2024,2024-08-07,KCR,L 4-8,L,3,3,1,0,0,0,0,1,1,0,0,0,0,0.085,9,CF\,CF,CF,,
Ceddanne,Rafaela,113,141,115,2024,2024-08-09,HOU,L 4-8,L,4,2,1,0,0,0,2,1,1,0,0,0,0,0.029,8,CF\,CF,CF,,
Ceddanne,Rafaela,114,142,116,2024,2024-08-10,HOU,L 4-5,L,3,3,1,0,0,0,0,2,1,0,0,0,0,-0.003,8,CF\,CF,CF,,
Ceddanne,Rafaela,115,143,117,2024,2024-08-11,HOU,L 2-10,L,3,3,2,0,0,0,0,0,2,0,0,0,0,0.032,8,CF\,CF,CF,,
Ceddanne,Rafaela,116,144,118,2024,2024-08-12,TEX,W 5-4 (10),W,5,4,1,0,1,0,0,0,1,0,1,0,0,-0.026,9,CF\,CF,CF,,
Ceddanne,Rafaela,117,145,119,2024,2024-08-13,TEX,W 9-4,W,4,4,2,0,0,0,0,0,2,0,0,0,0,0.007,9,CF\,CF,CF,,
Ceddanne,Rafaela,118,146,120,2024,2024-08-14,TEX,L 7-9 (10),L,4,4,0,0,0,0,0,2,0,0,0,0,0,-0.108,8,SS CF\,SS CF,SS,CF,
Ceddanne,Rafaela,119,147,121,2024,2024-08-15,BAL,L 1-5,L,3,3,2,0,0,0,0,0,2,0,0,0,0,0.081,8,SS CF\,SS CF,SS,CF,
Ceddanne,Rafaela,120,148,122,2024,2024-08-16,BAL,W 12-10,W,5,5,0,0,0,0,0,0,0,0,0,0,0,-0.059,9,CF\,CF,CF,,
Ceddanne,Rafaela,121,149,123,2024,2024-08-17,BAL,W 5-1,W,4,4,1,0,0,0,0,1,1,0,0,0,0,-0.104,9,SS\,SS,SS,,
Ceddanne,Rafaela,122,150,124,2024,2024-08-18,BAL,L 2-4,L,4,4,2,0,0,0,0,0,2,0,0,0,0,0.03,8,SS\,SS,SS,,
Ceddanne,Rafaela,123,151,125,2024,2024-08-19,HOU,L 4-5,L,4,4,0,0,0,1,0,1,0,0,0,1,0,-0.07,9,SS\,SS,SS,,
Ceddanne,Rafaela,124,152,126,2024,2024-08-20,HOU,W 6-5,W,4,4,1,0,0,0,0,2,2,0,0,0,0,-0.043,9,SS\,SS,SS,,
Ceddanne,Rafaela,125,153,127,2024,2024-08-21,HOU,W 4-1,W,4,4,2,0,0,0,0,0,4,0,0,0,0,0.23,9,SS\,SS,SS,,
Ceddanne,Rafaela,126,154,128,2024,2024-08-23,ARI,L 2-12,L,3,3,0,0,0,0,0,1,0,0,0,0,0,-0.063,9,SS\,SS,SS,,
Ceddanne,Rafaela,127,155,129,2024,2024-08-24,ARI,L 1-4,L,4,4,0,0,0,0,0,2,0,0,0,0,0,-0.098,9,SS\,SS,SS,,
Ceddanne,Rafaela,128,156,130,2024,2024-08-25,ARI,L 5-7,L,3,3,1,0,0,0,0,1,1,0,0,0,0,-0.053,9,SS\,SS,SS,,
Ceddanne,Rafaela,129,157,132,2024,2024-08-27,TOR,W 6-3,W,3,3,1,0,0,0,0,0,2,0,0,1,0,0.038,9,SS\,SS,SS,,
Ceddanne,Rafaela,130,158,133,2024,2024-08-28,TOR,W 3-0,W,3,3,0,0,0,0,0,2,0,0,0,0,0,-0.072,9,SS\,SS,SS,,
Ceddanne,Rafaela,131,159,134,2024,2024-08-29,TOR,L 0-2,L,3,3,0,0,0,0,0,1,0,0,0,0,0,-0.106,9,SS\,SS,SS,,
Ceddanne,Rafaela,132,160,135,2024,2024-08-30,DET,W 7-5 (10),W,4,4,1,1,0,0,0,0,4,0,0,0,0,0.268,9,SS\,SS,SS,,
Ceddanne,Rafaela,133,161,136,2024,2024-08-31,DET,L 1-2,L,3,3,0,0,0,0,0,2,0,0,0,0,0,-0.081,9,SS\,SS,SS,,
Ceddanne,Rafaela,134,162,138,2024,2024-09-02,NYM,L 1-4,L,3,3,1,0,0,0,0,2,3,0,0,0,0,0.035,9,SS CF\,SS CF,SS,CF,
Ceddanne,Rafaela,135,163,139,2024,2024-09-03,NYM,L 2-7,L,4,4,0,0,0,0,0,2,0,0,0,0,0,-0.112,8,SS\,SS,SS,,
Ceddanne,Rafaela,136,164,141,2024,2024-09-06,CHW,W 3-1,W,3,3,1,1,0,0,0,1,4,0,0,0,0,0.229,9,SS\,SS,SS,,
Ceddanne,Rafaela,137,165,142,2024,2024-09-07,CHW,W 7-5,W,4,4,0,0,0,0,0,3,0,0,0,0,0,-0.034,9,CF\,CF,CF,,
Ceddanne,Rafaela,138,166,144,2024,2024-09-09,BAL,W 12-3,W,4,4,2,0,0,0,0,1,3,1,0,0,0,0.012,9,CF\,CF,CF,,
Ceddanne,Rafaela,139,167,145,2024,2024-09-10,BAL,L 3-5,L,4,4,1,0,0,0,0,1,1,0,0,0,0,-0.053,9,SS\,SS,SS,,
Ceddanne,Rafaela,140,168,146,2024,2024-09-11,BAL,W 5-3 (10),W,4,4,1,0,0,0,0,2,1,0,0,0,0,-0.001,9,2B CF\,2B CF,2B,CF,
Ceddanne,Rafaela,141,169,147,2024,2024-09-12,NYY,L 1-2 (10),L,4,4,0,0,0,0,0,2,0,0,0,0,0,-0.222,9,CF\,CF,CF,,
Ceddanne,Rafaela,142,170,148,2024,2024-09-13,NYY,L 4-5,L,4,4,0,0,0,0,0,2,0,0,0,0,0,-0.088,9,2B\,2B,2B,,
Ceddanne,Rafaela,143,171,150,2024,2024-09-15,NYY,L 2-5,L,3,3,1,0,2,0,0,1,1,0,0,0,0,0.012,9,CF\,CF,CF,,
Ceddanne,Rafaela,144,172,151,2024,2024-09-17,TBR,L 3-8,L,3,3,0,0,0,0,0,1,0,0,0,0,0,-0.076,9,2B\,2B,2B,,
Ceddanne,Rafaela,145,173,152,2024,2024-09-18,TBR,W 2-1,W,2,2,0,0,0,0,0,1,0,0,0,0,0,-0.074,9,2B\,2B,2B,,
Ceddanne,Rafaela,146,174,154,2024,2024-09-20,MIN,L 2-4 (12),L,5,5,1,0,0,0,0,1,2,0,0,0,0,-0.204,9,CF\,CF,CF,,
Ceddanne,Rafaela,147,175,155,2024,2024-09-22,MIN,W 8-1,W,4,4,0,0,0,0,0,1,0,0,0,0,0,-0.022,9,CF\,CF,CF,,
Ceddanne,Rafaela,148,176,156,2024,2024-09-22,MIN,W 9-3,W,4,3,2,0,0,0,0,1,3,0,1,0,0,0.077,9,CF\,CF,CF,,
Ceddanne,Rafaela,149,177,157,2024,2024-09-23,TOR,W 4-1,W,4,4,0,0,0,1,0,0,0,0,0,0,0,0.002,9,CF\,CF,CF,,
Ceddanne,Rafaela,150,178,158,2024,2024-09-24,TOR,W 6-5 (10),W,4,4,1,0,0,0,0,0,1,1,0,0,0,-0.087,9,CF RF\,CF RF,CF,RF,
Ceddanne,Rafaela,151,179,160,2024,2024-09-27,TBR,L 1-2,L,3,3,0,0,0,0,0,2,0,0,0,1,0,-0.012,9,CF\,CF,CF,,
Ceddanne,Rafaela,152,180,162,2024,2024-09-29,TBR,W 3-1,W,3,3,2,0,0,1,0,1,2,0,0,0,0,-0.015,7,CF\,CF,CF,,
Ceddanne,Rafaela,1,181,1,2025,2025-03-27,TEX,W 5-2,W,4,4,0,0,0,0,0,2,0,0,0,0,0,-0.091,9,CF\,CF,CF,,
Ceddanne,Rafaela,2,182,2,2025,2025-03-28,TEX,L 1-4,L,4,4,0,0,0,0,0,0,0,0,0,0,0,-0.122,9,CF\,CF,CF,,
Ceddanne,Rafaela,3,183,3,2025,2025-03-29,TEX,L 3-4,L,0,0,0,0,0,0,0,0,0,,0,0,,,9,PR CF\,PR CF,PR,CF,
Ceddanne,Rafaela,4,184,4,2025,2025-03-30,TEX,L 2-3,L,4,4,1,0,1,0,0,0,1,0,0,0,0,-0.04,9,CF\,CF,CF,,
Ceddanne,Rafaela,5,185,5,2025,2025-03-31,BAL,L 5-8,L,3,3,0,0,0,0,0,1,0,0,0,0,0,-0.096,9,CF\,CF,CF,,
Ceddanne,Rafaela,6,186,6,2025,2025-04-02,BAL,W 3-0,W,4,3,1,0,0,0,1,1,1,0,0,0,0,0.079,9,CF\,CF,CF,,
Ceddanne,Rafaela,7,187,7,2025,2025-04-03,BAL,W 8-4,W,4,4,1,0,0,0,0,0,1,0,0,0,0,0.018,9,CF\,CF,CF,,
Ceddanne,Rafaela,8,188,8,2025,2025-04-04,STL,W 13-9,W,5,4,0,0,0,0,1,0,0,0,0,0,0,-0.015,9,CF\,CF,CF,,
Ceddanne,Rafaela,9,189,10,2025,2025-04-06,STL,W 18-7,W,5,4,3,0,1,0,1,0,3,0,0,0,0,0.077,9,CF\,CF,CF,,
Ceddanne,Rafaela,10,190,11,2025,2025-04-07,TOR,L 2-6,L,3,2,0,0,0,0,1,0,0,0,0,1,0,0.053,9,CF\,CF,CF,,
Ceddanne,Rafaela,11,191,12,2025,2025-04-08,TOR,L 1-6,L,3,3,2,0,0,0,0,0,2,0,0,0,0,0.046,9,CF\,CF,CF,,
Ceddanne,Rafaela,12,192,14,2025,2025-04-10,TOR,W 4-3 (10),W,4,4,0,0,0,0,0,2,0,0,0,0,0,-0.169,8,CF\,CF,CF,,
Ceddanne,Rafaela,13,193,15,2025,2025-04-11,CHW,L 1-11,L,4,3,0,0,0,0,0,2,0,0,1,0,0,-0.022,9,CF\,CF,CF,,
Ceddanne,Rafaela,14,194,16,2025,2025-04-12,CHW,L 2-3,L,4,4,2,0,1,0,0,0,4,0,0,0,0,0.232,9,CF\,CF,CF,,
Ceddanne,Rafaela,15,195,17,2025,2025-04-13,CHW,W 3-1,W,4,4,1,0,0,0,0,1,1,0,0,0,0,-0.059,9,CF\,CF,CF,,
Ceddanne,Rafaela,16,196,19,2025,2025-04-15,TBR,W 7-4,W,4,4,1,0,1,0,0,2,1,0,0,0,0,0.05,8,CF\,CF,CF,,
Ceddanne,Rafaela,17,197,20,2025,2025-04-16,TBR,W 1-0,W,3,3,0,0,0,0,0,1,0,0,0,0,0,-0.06,9,CF\,CF,CF,,
Ceddanne,Rafaela,18,198,21,2025,2025-04-18,CHW,W 10-3,W,4,4,1,1,0,0,0,0,4,0,0,0,0,0.042,9,CF\,CF,CF,,
Ceddanne,Rafaela,19,199,22,2025,2025-04-19,CHW,W 4-3 (10),W,4,3,1,0,0,0,0,0,2,0,1,0,0,-0.039,9,CF\,CF,CF,,
Ceddanne,Rafaela,20,200,23,2025,2025-04-20,CHW,L 4-8,L,4,3,0,0,0,0,1,2,0,0,0,0,0,-0.02,7,CF\,CF,CF,,
Ceddanne,Rafaela,21,201,24,2025,2025-04-21,CHW,W 4-2,W,0,0,0,0,0,0,0,0,0,,0,0,,,8,CF\,CF,CF,,
Ceddanne,Rafaela,22,202,25,2025,2025-04-22,SEA,W 8-3,W,4,3,2,0,2,0,1,1,2,0,0,0,0,0.168,9,CF\,CF,CF,,
Ceddanne,Rafaela,23,203,26,2025,2025-04-23,SEA,L 5-8,L,4,4,1,0,0,0,0,1,1,0,0,0,0,0.009,9,CF\,CF,CF,,
Ceddanne,Rafaela,24,204,28,2025,2025-04-26,CLE,L 4-5,L,4,4,1,0,0,0,0,0,1,0,0,0,0,-0.008,9,CF\,CF,CF,,
Ceddanne,Rafaela,25,205,29,2025,2025-04-26,CLE,W 7-3,W,4,4,0,0,0,0,0,0,0,0,0,0,0,-0.053,9,CF\,CF,CF,,
Ceddanne,Rafaela,26,206,30,2025,2025-04-27,CLE,W 13-3,W,5,4,2,1,0,0,0,0,6,0,0,0,0,0.062,9,CF\,CF,CF,,
Ceddanne,Rafaela,27,207,31,2025,2025-04-29,TOR,W 10-2,W,5,5,0,0,0,0,0,1,0,0,0,0,0,-0.027,8,CF\,CF,CF,,
Ceddanne,Rafaela,28,208,32,2025,2025-04-30,TOR,L 6-7 (10),L,4,3,0,0,1,0,1,1,0,0,0,0,0,-0.035,8,CF\,CF,CF,,
Ceddanne,Rafaela,29,209,34,2025,2025-05-02,MIN,W 6-1,W,4,3,0,0,0,0,0,2,0,0,0,0,0,-0.107,9,CF\,CF,CF,,
Ceddanne,Rafaela,30,210,35,2025,2025-05-03,MIN,L 3-4,L,4,4,1,0,0,0,0,2,1,0,0,0,0,0.028,9,CF\,CF,CF,,
Ceddanne,Rafaela,31,211,36,2025,2025-05-04,MIN,L 4-5,L,4,4,2,0,0,0,0,0,3,0,0,0,0,0.076,9,CF\,CF,CF,,
Ceddanne,Rafaela,32,212,37,2025,2025-05-06,TEX,L 1-6,L,3,3,0,0,0,0,0,0,0,0,0,0,0,-0.037,9,CF\,CF,CF,,
Ceddanne,Rafaela,33,213,38,2025,2025-05-07,TEX,W 6-4,W,3,3,2,0,0,0,0,0,2,0,0,0,0,0.065,9,CF\,CF,CF,,
Ceddanne,Rafaela,34,214,39,2025,2025-05-08,TEX,W 5-0,W,3,2,2,0,0,0,1,0,3,0,0,0,0,0.105,9,CF\,CF,CF,,
Ceddanne,Rafaela,35,215,40,2025,2025-05-09,KCR,L 1-2 (12),L,4,4,1,0,0,0,0,1,2,0,0,0,0,-0.095,9,CF\,CF,CF,,
Ceddanne,Rafaela,36,216,41,2025,2025-05-10,KCR,W 10-1,W,5,5,2,0,0,0,0,1,5,0,0,0,0,0.086,9,CF\,CF,CF,,
Ceddanne,Rafaela,37,217,42,2025,2025-05-11,KCR,W 3-1,W,3,2,0,0,0,0,0,0,0,0,0,0,0,-0.054,9,CF\,CF,CF,,
Ceddanne,Rafaela,38,218,43,2025,2025-05-12,DET,L 2-14,L,4,4,1,0,0,0,0,0,1,0,0,0,0,0.041,9,CF\,CF,CF,,
Ceddanne,Rafaela,39,219,44,2025,2025-05-13,DET,L 9-10 (11),L,5,4,1,0,0,0,1,1,2,0,0,0,0,0.176,9,CF\,CF,CF,,
Ceddanne,Rafaela,40,220,45,2025,2025-05-14,DET,L 5-6,L,4,4,2,0,0,0,0,2,2,0,0,0,0,0.15,9,CF\,CF,CF,,
Ceddanne,Rafaela,41,221,46,2025,2025-05-16,ATL,L 2-4,L,3,3,0,0,0,0,0,2,0,0,0,0,0,-0.158,9,CF\,CF,CF,,
Ceddanne,Rafaela,42,222,47,2025,2025-05-17,ATL,W 7-6,W,4,4,1,0,0,0,0,1,2,0,0,0,0,-0.134,9,CF\,CF,CF,,
Ceddanne,Rafaela,43,223,48,2025,2025-05-18,ATL,L 4-10,L,3,3,1,0,0,0,0,0,1,0,0,0,0,0.026,9,CF\,CF,CF,,
Ceddanne,Rafaela,44,224,49,2025,2025-05-19,NYM,W 3-1,W,4,4,0,0,0,0,0,2,0,0,0,0,0,-0.056,9,CF\,CF,CF,,
Ceddanne,Rafaela,45,225,50,2025,2025-05-20,NYM,W 2-0,W,1,1,0,0,0,0,0,0,0,0,0,0,0,-0.007,5,CF\,CF,CF,,
Ceddanne,Rafaela,46,226,51,2025,2025-05-21,NYM,L 1-5,L,3,2,0,0,0,0,0,2,0,0,1,0,0,0.072,9,CF\,CF,CF,,
Ceddanne,Rafaela,47,227,52,2025,2025-05-23,BAL,W 19-5,W,5,4,1,0,0,0,1,0,1,0,0,0,0,0.155,9,CF\,CF,CF,,
Ceddanne,Rafaela,48,228,53,2025,2025-05-24,BAL,W 6-5 (10),W,4,4,0,0,0,0,0,0,0,0,0,0,0,-0.096,9,CF\,CF,CF,,
Ceddanne,Rafaela,49,229,54,2025,2025-05-24,BAL,L 1-2,L,3,3,0,0,0,0,0,1,0,0,0,0,0,-0.179,9,CF\,CF,CF,,
Ceddanne,Rafaela,50,230,55,2025,2025-05-25,BAL,L 1-5,L,4,4,0,0,0,0,0,1,0,0,0,0,0,-0.104,9,CF\,CF,CF,,
Ceddanne,Rafaela,51,231,56,2025,2025-05-26,MIL,L 2-3,L,0,0,0,0,0,0,0,0,0,,0,0,,,9,PR\,PR,PR,,
Ceddanne,Rafaela,52,232,57,2025,2025-05-27,MIL,L 1-5 (10),L,4,4,1,0,0,0,0,1,2,0,0,0,0,0.061,9,CF\,CF,CF,,
Ceddanne,Rafaela,53,233,58,2025,2025-05-28,MIL,L 5-6 (10),L,5,5,3,1,0,0,0,1,6,0,0,0,0,0.173,9,CF\,CF,CF,,
Ceddanne,Rafaela,54,234,59,2025,2025-05-30,ATL,W 5-1,W,4,4,2,0,0,0,0,0,2,0,0,0,0,0.015,9,CF\,CF,CF,,
Ceddanne,Rafaela,55,235,60,2025,2025-05-31,ATL,L 0-5,L,3,3,1,0,0,0,0,1,1,0,0,0,0,-0.006,9,CF\,CF,CF,,
Ceddanne,Rafaela,56,236,61,2025,2025-06-01,ATL,W 3-1,W,4,4,1,0,0,0,0,2,1,0,0,0,0,-0.035,9,CF\,CF,CF,,
Ceddanne,Rafaela,57,237,62,2025,2025-06-02,LAA,L 6-7,L,4,4,2,1,0,0,0,0,5,0,0,0,0,0.173,8,CF\,CF,CF,,
Ceddanne,Rafaela,58,238,63,2025,2025-06-03,LAA,L 3-4 (10),L,5,5,3,1,0,0,0,0,7,0,0,0,0,0.066,7,CF\,CF,CF,,
Ceddanne,Rafaela,59,239,64,2025,2025-06-04,LAA,W 11-9,W,5,5,1,1,0,0,0,2,4,0,0,0,0,0.196,7,CF\,CF,CF,,
Ceddanne,Rafaela,60,240,65,2025,2025-06-06,NYY,L 6-9,L,4,4,0,0,0,0,0,1,0,0,0,0,0,-0.034,9,2B CF\,2B CF,2B,CF,
Ceddanne,Rafaela,61,241,66,2025,2025-06-07,NYY,W 10-7,W,5,3,0,0,1,0,2,0,0,1,0,0,0,-0.01,8,CF\,CF,CF,,
Ceddanne,Rafaela,62,242,67,2025,2025-06-08,NYY,W 11-7,W,5,4,1,0,0,0,1,2,1,0,0,0,0,0.005,8,CF\,CF,CF,,
Ceddanne,Rafaela,63,243,68,2025,2025-06-09,TBR,L 8-10 (11),L,6,5,2,0,1,0,1,1,2,0,0,0,0,-0.094,8,CF\,CF,CF,,
Ceddanne,Rafaela,64,244,69,2025,2025-06-10,TBR,W 3-1,W,3,3,1,0,0,0,0,2,1,0,0,0,0,-0.021,9,CF\,CF,CF,,
Ceddanne,Rafaela,65,245,70,2025,2025-06-11,TBR,W 4-3,W,3,3,2,0,1,0,0,0,3,0,0,0,0,0.02,9,CF\,CF,CF,,
Ceddanne,Rafaela,66,246,71,2025,2025-06-13,NYY,W 2-1 (10),W,4,4,1,0,0,1,0,2,1,0,0,0,0,-0.026,8,CF\,CF,CF,,
Ceddanne,Rafaela,67,247,72,2025,2025-06-14,NYY,W 4-3,W,3,2,0,0,0,0,0,0,0,0,0,0,0,-0.04,7,CF\,CF,CF,,
Ceddanne,Rafaela,68,248,73,2025,2025-06-15,NYY,W 2-0,W,3,3,1,0,0,0,0,1,1,0,0,0,0,0.008,7,CF\,CF,CF,,
Ceddanne,Rafaela,69,249,74,2025,2025-06-16,SEA,W 2-0,W,3,3,0,0,0,0,0,1,0,0,0,0,0,-0.046,8,CF\,CF,CF,,
Ceddanne,Rafaela,70,250,75,2025,2025-06-17,SEA,L 0-8,L,3,3,0,0,0,0,0,2,0,0,0,0,0,-0.011,9,CF\,CF,CF,,
Ceddanne,Rafaela,71,251,76,2025,2025-06-18,SEA,W 3-1,W,0,0,0,0,0,0,0,0,0,,0,0,,,8,CF\,CF,CF,,
Ceddanne,Rafaela,72,252,77,2025,2025-06-20,SFG,W 7-5,W,4,4,3,1,0,0,0,0,7,0,0,0,0,0.315,8,CF\,CF,CF,,
Ceddanne,Rafaela,73,253,78,2025,2025-06-21,SFG,L 2-3,L,4,4,0,0,0,0,0,1,0,0,0,0,0,-0.208,6,CF\,CF,CF,,
Ceddanne,Rafaela,74,254,79,2025,2025-06-22,SFG,L 5-9,L,4,4,2,1,0,0,0,1,6,0,0,0,0,0.12,8,CF\,CF,CF,,
Ceddanne,Rafaela,75,255,80,2025,2025-06-23,LAA,L 5-9,L,4,3,1,0,1,0,0,1,1,0,1,0,0,0.083,6,CF\,CF,CF,,
Ceddanne,Rafaela,76,256,81,2025,2025-06-24,LAA,L 2-3 (10),L,4,4,0,0,0,0,0,0,0,0,0,0,0,-0.18,7,CF\,CF,CF,,
Ceddanne,Rafaela,77,257,82,2025,2025-06-25,LAA,L 2-5,L,3,3,0,0,0,0,0,2,0,0,0,0,0,-0.065,7,CF\,CF,CF,,
Ceddanne,Rafaela,78,258,83,2025,2025-06-27,TOR,L 0-9,L,3,3,1,0,0,0,0,0,1,1,0,0,0,-0.056,6,CF\,CF,CF,,
Ceddanne,Rafaela,79,259,84,2025,2025-06-28,TOR,W 15-1,W,5,5,2,1,0,0,0,0,5,0,0,0,0,-0.027,9,CF\,CF,CF,,
Ceddanne,Rafaela,80,260,85,2025,2025-06-29,TOR,L 3-5,L,4,4,1,0,0,0,0,0,2,0,0,0,0,-0.036,7,CF\,CF,CF,,
Ceddanne,Rafaela,81,261,86,2025,2025-06-30,CIN,W 13-6,W,4,3,1,0,0,0,1,0,2,0,0,0,0,-0.004,9,CF\,CF,CF,,
Ceddanne,Rafaela,82,262,87,2025,2025-07-01,CIN,W 5-3,W,3,3,0,0,0,0,0,1,0,0,0,0,0,-0.074,9,CF\,CF,CF,,
Ceddanne,Rafaela,83,263,88,2025,2025-07-02,CIN,L 4-8,L,4,4,2,0,0,0,0,0,4,0,0,0,0,0.085,6,CF\,CF,CF,,
Ceddanne,Rafaela,84,264,89,2025,2025-07-04,WSN,W 11-2,W,5,5,1,0,0,0,0,1,2,0,0,0,0,0.089,8,CF\,CF,CF,,
Ceddanne,Rafaela,85,265,90,2025,2025-07-05,WSN,W 10-3,W,4,4,2,1,0,0,0,0,6,0,0,0,0,0.025,9,CF\,CF,CF,,
Ceddanne,Rafaela,86,266,91,2025,2025-07-06,WSN,W 6-4,W,4,4,3,1,0,1,0,0,7,0,0,0,0,0.082,9,CF\,CF,CF,,
Ceddanne,Rafaela,87,267,92,2025,2025-07-07,COL,W 9-3,W,4,4,1,1,0,0,0,1,4,0,0,0,0,-0.076,9,CF\,CF,CF,,
Ceddanne,Rafaela,88,268,93,2025,2025-07-08,COL,W 10-2,W,4,3,1,0,0,0,1,1,2,0,0,0,0,0.189,6,CF\,CF,CF,,
Ceddanne,Rafaela,89,269,95,2025,2025-07-10,TBR,W 4-3,W,3,3,2,0,1,0,0,0,2,0,0,0,0,0.21,9,CF\,CF,CF,,
Ceddanne,Rafaela,90,270,96,2025,2025-07-11,TBR,W 5-4,W,4,4,2,1,0,0,0,0,5,0,0,0,0,0.72,9,CF\,CF,CF,,
Ceddanne,Rafaela,91,271,97,2025,2025-07-12,TBR,W 1-0,W,4,4,1,0,1,0,0,1,1,0,0,0,0,-0.043,2,2B\,2B,2B,,
Ceddanne,Rafaela,92,272,98,2025,2025-07-13,TBR,W 4-1,W,3,3,1,1,0,0,0,1,4,0,0,0,0,0.133,6,CF\,CF,CF,,
Ceddanne,Rafaela,93,273,99,2025,2025-07-18,CHC,L 1-4,L,4,4,1,0,0,0,0,0,1,1,0,0,0,-0.067,8,CF\,CF,CF,,
Ceddanne,Rafaela,94,274,100,2025,2025-07-19,CHC,L 0-6,L,4,4,1,0,0,0,0,0,1,0,0,0,0,-0.054,6,2B CF\,2B CF,2B,CF,
Ceddanne,Rafaela,95,275,101,2025,2025-07-20,CHC,W 6-1,W,4,4,0,0,0,0,0,0,0,0,0,0,0,-0.215,3,2B CF\,2B CF,2B,CF,
Ceddanne,Rafaela,96,276,102,2025,2025-07-21,PHI,L 2-3 (10),L,4,4,2,0,1,1,0,1,2,0,0,0,0,-0.125,6,2B CF\,2B CF,2B,CF,
Ceddanne,Rafaela,97,277,103,2025,2025-07-22,PHI,L 1-4,L,3,3,1,0,0,0,0,0,1,0,0,0,0,0.009,7,CF\,CF,CF,,
Ceddanne,Rafaela,98,278,104,2025,2025-07-23,PHI,W 9-8 (11),W,5,4,1,0,0,0,1,1,1,0,0,0,0,-0.053,6,2B\,2B,2B,,
Ceddanne,Rafaela,99,279,105,2025,2025-07-25,LAD,L 2-5,L,4,4,0,0,0,0,0,1,0,0,0,0,0,-0.131,6,2B\,2B,2B,,
Ceddanne,Rafaela,100,280,106,2025,2025-07-26,LAD,W 4-2,W,4,4,0,0,0,0,0,1,0,0,0,0,0,-0.092,8,CF\,CF,CF,,
Ceddanne,Rafaela,101,281,107,2025,2025-07-27,LAD,W 4-3,W,3,3,1,0,0,0,0,0,1,0,0,0,0,-0.029,8,2B\,2B,2B,,
Ceddanne,Rafaela,102,282,108,2025,2025-07-28,MIN,L 4-5,L,4,4,0,0,0,0,0,1,0,0,0,0,0,-0.175,8,2B CF\,2B CF,2B,CF,
Ceddanne,Rafaela,103,283,109,2025,2025-07-29,MIN,W 8-5,W,4,3,1,0,0,0,0,0,3,0,0,0,0,0.067,9,CF\,CF,CF,,
Ceddanne,Rafaela,104,284,110,2025,2025-07-30,MIN,W 13-1,W,5,5,1,0,0,0,0,2,1,0,0,0,0,-0.094,8,2B\,2B,2B,,
Ceddanne,Rafaela,105,285,111,2025,2025-08-01,HOU,W 2-1 (10),W,4,4,0,0,0,0,0,0,0,0,0,0,0,0.017,9,2B\,2B,2B,,
Ceddanne,Rafaela,106,286,112,2025,2025-08-02,HOU,W 7-3,W,4,4,2,0,0,0,0,2,4,0,0,0,0,0.006,8,CF\,CF,CF,,
Ceddanne,Rafaela,107,287,113,2025,2025-08-03,HOU,W 6-1,W,4,3,3,0,0,0,0,0,3,0,1,0,0,0.163,6,CF\,CF,CF,,
Ceddanne,Rafaela,108,288,114,2025,2025-08-04,KCR,W 8-5,W,4,4,1,0,1,0,0,0,1,1,0,0,0,-0.025,6,CF\,CF,CF,,
Ceddanne,Rafaela,109,289,115,2025,2025-08-05,KCR,W 6-2,W,1,1,0,0,0,0,0,0,0,0,0,0,0,-0.006,5,PR CF\,PR CF,PR,CF,
Ceddanne,Rafaela,110,290,116,2025,2025-08-06,KCR,L 3-7,L,3,3,0,0,0,0,0,1,0,0,0,0,0,-0.063,8,2B\,2B,2B,,
Ceddanne,Rafaela,111,291,117,2025,2025-08-08,SDP,W 10-2,W,5,4,0,0,0,0,1,0,0,0,0,0,0,-0.033,8,2B\,2B,2B,,
Ceddanne,Rafaela,112,292,118,2025,2025-08-09,SDP,L 4-5 (10),L,5,4,1,0,1,0,1,2,1,0,0,0,0,0.069,8,2B\,2B,2B,,
Ceddanne,Rafaela,113,293,119,2025,2025-08-10,SDP,L 2-6,L,4,4,0,0,0,0,0,2,0,1,0,0,0,-0.207,8,2B\,2B,2B,,
Ceddanne,Rafaela,114,294,120,2025,2025-08-11,HOU,L 6-7,L,4,3,1,0,1,1,1,0,2,0,0,0,0,-0.078,8,2B CF\,2B CF,2B,CF,
Ceddanne,Rafaela,115,295,121,2025,2025-08-12,HOU,W 14-1,W,5,5,1,0,0,0,0,2,1,0,0,0,0,-0.024,8,2B\,2B,2B,,
Ceddanne,Rafaela,116,296,122,2025,2025-08-13,HOU,L 1-4,L,4,4,1,0,1,0,0,1,1,1,0,0,0,-0.078,8,2B\,2B,2B,,
Ceddanne,Rafaela,117,297,123,2025,2025-08-15,MIA,W 2-1,W,3,3,0,0,0,0,0,2,0,0,0,0,0,-0.094,8,CF\,CF,CF,,
Ceddanne,Rafaela,118,298,124,2025,2025-08-16,MIA,W 7-5,W,4,4,1,0,0,0,0,0,2,0,0,0,0,-0.006,8,2B\,2B,2B,,
Ceddanne,Rafaela,119,299,125,2025,2025-08-17,MIA,L 3-5,L,4,3,0,0,0,0,1,1,0,0,0,0,0,-0.008,8,2B CF\,2B CF,2B,CF,
Ceddanne,Rafaela,120,300,126,2025,2025-08-18,BAL,L 3-6,L,4,4,0,0,0,0,0,1,0,0,0,0,0,-0.095,7,CF\,CF,CF,,
Ceddanne,Rafaela,121,301,127,2025,2025-08-19,BAL,L 3-4 (11),L,1,0,0,0,0,0,0,0,0,0,1,0,0,0.005,5,CF\,CF,CF,,
Ceddanne,Rafaela,122,302,128,2025,2025-08-21,NYY,W 6-3,W,5,4,0,0,1,0,1,0,0,0,0,0,0,0.001,7,CF\,CF,CF,,
Ceddanne,Rafaela,123,303,129,2025,2025-08-22,NYY,W 1-0,W,4,4,0,0,0,0,0,0,0,0,0,0,0,-0.079,7,2B CF\,2B CF,2B,CF,
Ceddanne,Rafaela,124,304,130,2025,2025-08-23,NYY,W 12-1,W,5,5,2,0,0,0,0,0,3,1,0,0,0,-0.018,7,CF\,CF,CF,,
Ceddanne,Rafaela,125,305,131,2025,2025-08-24,NYY,L 2-7,L,4,4,1,0,0,0,0,1,2,0,0,0,0,-0.053,7,2B CF\,2B CF,2B,CF,
Ceddanne,Rafaela,126,306,132,2025,2025-08-25,BAL,W 4-3,W,4,4,0,0,0,0,0,3,0,0,0,0,0,-0.1,7,CF\,CF,CF,,
Ceddanne,Rafaela,127,307,133,2025,2025-08-26,BAL,W 5-0,W,4,4,1,0,0,0,0,1,2,0,0,0,0,0.001,7,CF\,CF,CF,,
Ceddanne,Rafaela,128,308,134,2025,2025-08-27,BAL,W 3-2,W,4,4,2,1,0,0,0,0,6,0,0,0,0,0.551,5,CF\,CF,CF,,
Ceddanne,Rafaela,129,309,135,2025,2025-08-28,BAL,W 3-2,W,4,4,1,0,0,0,0,1,1,0,0,0,0,-0.029,8,2B\,2B,2B,,
Ceddanne,Rafaela,130,310,136,2025,2025-08-29,PIT,L 2-4,L,4,4,2,0,0,0,0,2,2,0,0,0,0,0.099,8,CF\,CF,CF,,
Ceddanne,Rafaela,131,311,137,2025,2025-08-30,PIT,L 3-10,L,4,3,0,0,0,1,0,0,0,0,1,0,0,-0.073,7,CF\,CF,CF,,
Ceddanne,Rafaela,132,312,138,2025,2025-08-31,PIT,W 5-2,W,4,4,1,0,0,0,0,0,1,0,0,0,0,-0.056,8,CF\,CF,CF,,
Ceddanne,Rafaela,133,313,139,2025,2025-09-01,CLE,W 6-4,W,4,3,0,0,0,0,0,1,0,0,1,0,0,0.014,7,CF\,CF,CF,,
Ceddanne,Rafaela,134,314,140,2025,2025-09-02,CLE,W 11-7,W,4,4,2,1,0,0,0,1,5,0,0,0,0,0.302,8,2B CF\,2B CF,2B,CF,
Ceddanne,Rafaela,135,315,141,2025,2025-09-03,CLE,L 1-8,L,4,4,0,0,0,0,0,0,0,0,0,0,0,-0.037,7,CF\,CF,CF,,
Ceddanne,Rafaela,136,316,142,2025,2025-09-05,ARI,L 5-10,L,4,4,0,0,0,0,0,1,0,0,0,0,0,-0.062,8,CF\,CF,CF,,
Ceddanne,Rafaela,137,317,143,2025,2025-09-06,ARI,L 1-5,L,3,3,0,0,0,0,0,1,0,0,0,0,0,-0.054,8,CF\,CF,CF,,
Ceddanne,Rafaela,138,318,144,2025,2025-09-07,ARI,W 7-4,W,4,4,1,0,0,0,0,1,1,0,0,0,0,-0.212,8,CF\,CF,CF,,
Ceddanne,Rafaela,139,319,145,2025,2025-09-08,ATH,W 7-0,W,4,3,0,0,0,0,1,1,0,0,0,0,0,0.024,7,CF\,CF,CF,,
Ceddanne,Rafaela,140,320,146,2025,2025-09-09,ATH,W 6-0,W,4,4,0,0,0,0,0,3,0,0,0,0,0,-0.025,9,CF\,CF,CF,,
Ceddanne,Rafaela,141,321,147,2025,2025-09-10,ATH,L 4-5,L,0,0,0,0,0,0,0,0,0,,0,0,,0,8,PR CF\,PR CF,PR,CF,
Ceddanne,Rafaela,142,322,148,2025,2025-09-12,NYY,L 1-4,L,3,1,0,0,0,0,2,1,0,0,0,0,0,-0.062,9,CF\,CF,CF,,
Ceddanne,Rafaela,143,323,149,2025,2025-09-13,NYY,L 3-5,L,4,4,1,0,0,0,0,2,1,0,0,0,0,-0.169,9,CF\,CF,CF,,
Ceddanne,Rafaela,144,324,150,2025,2025-09-14,NYY,W 6-4,W,4,4,0,0,0,0,0,1,0,0,0,0,0,-0.023,9,CF\,CF,CF,,
Ceddanne,Rafaela,145,325,151,2025,2025-09-16,ATH,L 1-2,L,4,4,1,0,0,0,0,1,1,0,0,0,0,-0.005,9,CF\,CF,CF,,
Ceddanne,Rafaela,146,326,152,2025,2025-09-17,ATH,W 5-4 (10),W,4,4,1,0,0,0,0,1,1,0,0,0,0,-0.053,9,CF\,CF,CF,,
Ceddanne,Rafaela,147,327,153,2025,2025-09-18,ATH,L 3-5,L,3,3,0,0,0,0,0,1,0,1,0,0,0,-0.109,9,CF\,CF,CF,,
Ceddanne,Rafaela,148,328,154,2025,2025-09-19,TBR,W 11-7,W,5,5,4,0,0,0,0,0,5,0,0,0,0,0.125,9,CF\,CF,CF,,
Ceddanne,Rafaela,149,329,155,2025,2025-09-20,TBR,W 6-3,W,4,3,1,0,0,0,1,1,1,0,0,1,0,0.164,9,CF\,CF,CF,,
Ceddanne,Rafaela,150,330,156,2025,2025-09-21,TBR,L 3-7,L,4,4,1,0,0,0,0,1,2,0,0,0,0,-0.059,7,CF\,CF,CF,,
Ceddanne,Rafaela,151,331,157,2025,2025-09-23,TOR,W 4-1,W,4,4,1,0,0,0,0,2,1,0,0,0,0,-0.011,6,CF\,CF,CF,,
Ceddanne,Rafaela,152,332,158,2025,2025-09-24,TOR,W 7-1,W,4,3,2,0,0,0,1,0,3,0,0,0,0,0.037,6,CF\,CF,CF,,
Ceddanne,Rafaela,153,333,159,2025,2025-09-25,TOR,L 1-6,L,3,3,0,0,0,0,0,1,0,0,0,0,0,-0.033,6,CF\,CF,CF,,
Ceddanne,Rafaela,154,334,160,2025,2025-09-26,DET,W 4-3,W,4,4,2,0,0,0,0,0,5,1,0,0,0,0.421,6,CF\,CF,CF,,
Ceddanne,Rafaela,155,335,161,2025,2025-09-27,DET,L 1-2,L,4,4,1,0,0,0,0,1,1,0,0,0,0,-0.122,5,CF\,CF,CF,,
Ceddanne,Rafaela,156,336,162,2025,2025-09-28,DET,W 4-3,W,4,3,2,0,1,0,1,0,3,0,0,0,0,0.047,4,CF\,CF,CF,,
Wilyer,Abreu,1,1,126,2023,2023-08-22,HOU,L 3-7,L,3,3,2,0,0,0,0,1,3,0,0,0,0,0.005,1,RF\,RF,RF,,
Wilyer,Abreu,2,2,127,2023,2023-08-23,HOU,W 7-5 (10),W,5,4,0,0,0,1,1,0,0,0,0,0,0,-0.085,7,LF\,LF,LF,,
Wilyer,Abreu,3,3,128,2023,2023-08-24,HOU,W 17-1,W,6,5,4,1,0,0,1,1,8,0,0,0,0,0.13,7,CF\,CF,CF,,
Wilyer,Abreu,4,4,129,2023,2023-08-25,LAD,L 4-7,L,1,1,0,0,0,0,0,1,0,0,0,0,0,-0.097,9,PH\,PH,PH,,
Wilyer,Abreu,5,5,131,2023,2023-08-27,LAD,L 4-7,L,4,4,0,0,0,0,0,1,0,0,0,0,0,-0.074,7,CF\,CF,CF,,
Wilyer,Abreu,6,6,135,2023,2023-09-01,KCR,L 2-13,L,2,1,0,0,0,0,1,1,0,0,0,0,0,0,6,PH LF\,PH LF,PH,LF,
Wilyer,Abreu,7,7,137,2023,2023-09-03,KCR,W 7-3,W,0,0,0,0,0,0,0,0,0,,0,0,,,1,RF\,RF,RF,,
Wilyer,Abreu,8,8,138,2023,2023-09-04,TBR,W 7-3,W,5,5,1,0,0,0,0,2,2,0,0,0,0,0.022,1,CF RF\,CF RF,CF,RF,
Wilyer,Abreu,9,9,139,2023,2023-09-05,TBR,L 6-8 (11),L,2,2,0,0,0,0,0,0,0,0,0,0,0,-0.047,7,CF\,CF,CF,,
Wilyer,Abreu,10,10,140,2023,2023-09-06,TBR,L 1-3,L,3,3,0,0,0,0,0,3,0,0,0,0,0,-0.112,1,CF\,CF,CF,,
Wilyer,Abreu,11,11,141,2023,2023-09-08,BAL,L 2-11,L,1,1,0,0,0,0,0,1,0,0,0,0,0,0,3,PH DH\,PH DH,PH,DH,
Wilyer,Abreu,12,12,142,2023,2023-09-09,BAL,L 12-13,L,6,5,5,0,1,0,1,0,6,0,0,0,0,0.271,7,CF\,CF,CF,,
Wilyer,Abreu,13,13,143,2023,2023-09-10,BAL,W 7-3,W,4,4,1,0,0,0,0,1,1,0,0,0,0,-0.051,7,LF\,LF,LF,,
Wilyer,Abreu,14,14,144,2023,2023-09-12,NYY,L 2-3,L,4,3,1,0,0,0,1,0,1,0,0,0,0,-0.068,6,CF\,CF,CF,,
Wilyer,Abreu,15,15,145,2023,2023-09-12,NYY,L 1-4,L,2,2,0,0,0,0,0,1,0,0,0,0,0,-0.054,2,PH LF\,PH LF,PH,LF,
Wilyer,Abreu,16,16,146,2023,2023-09-14,NYY,W 5-0,W,4,4,3,0,1,0,0,1,3,0,0,0,0,0.087,5,LF\,LF,LF,,
Wilyer,Abreu,17,17,147,2023,2023-09-14,NYY,L 5-8,L,3,2,1,0,0,0,1,0,1,0,0,0,0,0.092,6,CF\,CF,CF,,
Wilyer,Abreu,18,18,148,2023,2023-09-15,TOR,L 0-3,L,3,3,1,0,0,0,0,1,2,0,0,0,0,-0.006,6,LF\,LF,LF,,
Wilyer,Abreu,19,19,149,2023,2023-09-16,TOR,L 3-4 (13),L,3,2,1,0,1,0,1,0,1,0,0,0,0,0.1,1,CF\,CF,CF,,
Wilyer,Abreu,20,20,150,2023,2023-09-17,TOR,L 2-3,L,1,1,0,0,0,0,0,1,0,0,0,0,0,-0.055,8,PH CF\,PH CF,PH,CF,
Wilyer,Abreu,21,21,153,2023,2023-09-20,TEX,L 5-15,L,0,0,0,0,0,0,0,0,0,,0,0,,,9,PR\,PR,PR,,
Wilyer,Abreu,22,22,156,2023,2023-09-24,CHW,L 2-3 (6),L,3,3,1,1,0,0,0,0,4,0,0,0,0,0.046,6,LF\,LF,LF,,
Wilyer,Abreu,23,23,157,2023,2023-09-26,TBR,L 7-9,L,4,4,2,0,0,0,0,1,3,0,0,0,0,0.067,6,CF\,CF,CF,,
Wilyer,Abreu,24,24,158,2023,2023-09-27,TBR,L 0-5,L,4,4,0,0,0,0,0,2,0,0,0,0,0,-0.052,2,LF\,LF,LF,,
Wilyer,Abreu,25,25,159,2023,2023-09-28,BAL,L 0-2,L,3,3,0,0,0,0,0,1,0,0,0,0,0,-0.096,6,LF\,LF,LF,,
Wilyer,Abreu,26,26,160,2023,2023-09-29,BAL,W 3-0,W,1,1,0,0,0,0,0,0,0,0,0,0,0,-0.012,5,PH LF\,PH LF,PH,LF,
Wilyer,Abreu,27,27,161,2023,2023-09-30,BAL,L 2-5,L,4,3,0,0,0,0,1,1,0,0,0,0,0,-0.112,6,LF\,LF,LF,,
Wilyer,Abreu,28,28,162,2023,2023-10-01,BAL,W 6-1,W,4,3,1,0,0,0,1,2,1,0,0,0,0,0.01,6,CF LF\,CF LF,CF,LF,
Wilyer,Abreu,1,29,3,2024,2024-03-30,SEA,L 3-4 (10),L,4,4,0,0,0,0,0,3,0,0,0,0,0,-0.113,5,RF\,RF,RF,,
Wilyer,Abreu,2,30,4,2024,2024-03-31,SEA,W 5-1,W,4,3,1,0,0,0,1,1,1,0,0,0,0,-0.074,7,RF\,RF,RF,,
Wilyer,Abreu,3,31,5,2024,2024-04-01,OAK,W 9-0,W,1,0,0,0,0,0,1,0,0,0,0,0,0,0,5,RF\,RF,RF,,
Wilyer,Abreu,4,32,6,2024,2024-04-02,OAK,W 5-4 (11),W,3,3,0,0,0,0,0,2,0,0,0,0,0,-0.201,8,PH RF\,PH RF,PH,RF,
Wilyer,Abreu,5,33,7,2024,2024-04-03,OAK,W 1-0,W,3,3,1,0,0,0,0,0,1,0,0,0,0,-0.03,9,RF\,RF,RF,,
Wilyer,Abreu,6,34,9,2024,2024-04-06,LAA,L 1-2,L,1,1,0,0,0,0,0,0,0,0,0,0,0,-0.045,7,PH RF\,PH RF,PH,RF,
Wilyer,Abreu,7,35,10,2024,2024-04-07,LAA,W 12-2,W,2,2,0,0,0,0,0,1,0,0,0,0,0,-0.017,7,RF\,RF,RF,,
Wilyer,Abreu,8,36,12,2024,2024-04-10,BAL,L 5-7,L,2,2,0,0,0,0,0,2,0,0,0,0,0,-0.043,6,PH RF\,PH RF,PH,RF,
Wilyer,Abreu,9,37,13,2024,2024-04-11,BAL,L 4-9 (10),L,3,3,2,0,0,0,0,0,3,0,0,0,0,0.104,5,RF\,RF,RF,,
Wilyer,Abreu,10,38,15,2024,2024-04-13,LAA,W 7-2,W,4,4,2,0,1,0,0,2,3,0,0,0,0,0.079,2,RF\,RF,RF,,
Wilyer,Abreu,11,39,16,2024,2024-04-14,LAA,W 5-4,W,2,1,0,0,0,0,1,1,0,0,0,0,0,0.021,5,PH RF\,PH RF,PH,RF,
Wilyer,Abreu,12,40,17,2024,2024-04-15,CLE,L 0-6,L,3,2,0,0,1,0,1,2,0,0,0,0,0,0.025,6,RF\,RF,RF,,
Wilyer,Abreu,13,41,18,2024,2024-04-16,CLE,L 7-10 (11),L,5,4,0,0,1,0,1,1,0,0,0,0,0,-0.038,5,RF\,RF,RF,,
Wilyer,Abreu,14,42,19,2024,2024-04-17,CLE,W 2-0,W,3,2,0,0,1,0,1,0,0,0,0,0,0,0.025,4,RF\,RF,RF,,
Wilyer,Abreu,15,43,20,2024,2024-04-18,CLE,L 4-5,L,4,4,1,0,0,0,0,1,2,0,0,1,0,0.012,3,RF\,RF,RF,,
Wilyer,Abreu,16,44,21,2024,2024-04-19,PIT,W 8-1,W,5,5,3,1,0,0,0,0,7,0,0,0,0,0.098,2,LF\,LF,LF,,
Wilyer,Abreu,17,45,22,2024,2024-04-20,PIT,W 4-2,W,5,2,1,0,0,0,3,1,1,0,0,0,0,0.065,2,LF\,LF,LF,,
Wilyer,Abreu,18,46,23,2024,2024-04-21,PIT,W 6-1,W,5,5,3,0,0,0,0,0,4,0,0,1,0,0.169,4,LF\,LF,LF,,
Wilyer,Abreu,19,47,24,2024,2024-04-23,CLE,L 1-4,L,4,4,1,1,0,0,0,1,4,0,0,0,0,0.175,4,LF\,LF,LF,,
Wilyer,Abreu,20,48,25,2024,2024-04-24,CLE,W 8-0,W,5,5,4,0,0,0,0,0,6,0,0,0,0,0.135,4,RF\,RF,RF,,
Wilyer,Abreu,21,49,26,2024,2024-04-25,CLE,L 4-6,L,4,3,0,0,0,0,0,0,0,0,0,0,0,-0.145,4,RF\,RF,RF,,
Wilyer,Abreu,22,50,28,2024,2024-04-27,CHC,W 17-0,W,6,6,2,0,0,0,0,1,2,0,0,0,0,-0.017,4,RF\,RF,RF,,
Wilyer,Abreu,23,51,29,2024,2024-04-28,CHC,W 5-4,W,4,4,0,0,0,0,0,1,0,0,0,0,0,-0.096,4,RF\,RF,RF,,
Wilyer,Abreu,24,52,30,2024,2024-04-30,SFG,W 4-0,W,5,4,3,0,0,0,1,1,6,0,0,0,0,0.112,4,RF\,RF,RF,,
Wilyer,Abreu,25,53,31,2024,2024-05-01,SFG,W 6-2,W,4,3,1,0,1,0,1,0,1,0,0,0,0,0.007,5,RF\,RF,RF,,
Wilyer,Abreu,26,54,32,2024,2024-05-02,SFG,L 1-3,L,1,1,0,0,0,0,0,1,0,0,0,0,0,-0.03,4,PH RF\,PH RF,PH,RF,
Wilyer,Abreu,27,55,33,2024,2024-05-03,MIN,L 2-5,L,4,4,0,0,0,0,0,3,0,0,0,0,0,-0.159,4,RF\,RF,RF,,
Wilyer,Abreu,28,56,34,2024,2024-05-04,MIN,L 1-3,L,4,4,2,0,0,0,0,2,2,0,0,0,0,0.082,4,CF RF\,CF RF,CF,RF,
Wilyer,Abreu,29,57,35,2024,2024-05-05,MIN,W 9-2,W,5,3,0,0,0,0,2,1,0,0,0,0,0,-0.086,4,RF\,RF,RF,,
Wilyer,Abreu,30,58,36,2024,2024-05-07,ATL,L 2-4,L,5,3,0,0,0,0,2,1,0,0,0,0,0,-0.061,4,RF\,RF,RF,,
Wilyer,Abreu,31,59,37,2024,2024-05-08,ATL,L 0-5,L,4,4,0,0,0,0,0,3,0,0,0,0,0,-0.047,8,RF\,RF,RF,,
Wilyer,Abreu,32,60,38,2024,2024-05-10,WSN,L 1-5,L,2,1,1,0,0,0,1,0,2,0,0,0,0,0.058,8,PH RF\,PH RF,PH,RF,
Wilyer,Abreu,33,61,39,2024,2024-05-11,WSN,W 4-2,W,3,3,1,1,0,0,0,0,4,0,0,0,0,0.06,2,RF\,RF,RF,,
Wilyer,Abreu,34,62,40,2024,2024-05-12,WSN,W 3-2,W,1,1,0,0,0,0,0,1,0,0,0,0,0,-0.02,1,PH RF\,PH RF,PH,RF,
Wilyer,Abreu,35,63,41,2024,2024-05-13,TBR,L 3-5,L,3,3,2,0,0,0,0,0,3,0,0,0,0,0.074,2,RF\,RF,RF,,
Wilyer,Abreu,36,64,42,2024,2024-05-14,TBR,W 5-4 (12),W,3,3,0,0,0,0,0,1,0,0,0,0,0,-0.055,2,RF\,RF,RF,,
Wilyer,Abreu,37,65,43,2024,2024-05-15,TBR,L 3-4,L,4,4,1,1,0,0,0,2,4,0,0,0,0,-0.033,2,RF\,RF,RF,,
Wilyer,Abreu,38,66,44,2024,2024-05-16,TBR,L 5-7,L,5,5,0,0,0,0,0,1,0,0,0,0,0,-0.109,2,RF\,RF,RF,,
Wilyer,Abreu,39,67,45,2024,2024-05-17,STL,L 6-10,L,3,3,0,0,0,0,0,0,0,1,0,0,0,-0.202,2,RF\,RF,RF,,
Wilyer,Abreu,40,68,46,2024,2024-05-18,STL,L 2-7,L,3,2,0,0,1,0,1,0,0,0,0,0,0,-0.006,2,RF\,RF,RF,,
Wilyer,Abreu,41,69,47,2024,2024-05-19,STL,W 11-3,W,3,3,2,0,0,0,0,0,3,0,0,0,0,0.032,6,PH RF\,PH RF,PH,RF,
Wilyer,Abreu,42,70,48,2024,2024-05-20,TBR,W 5-0,W,4,4,1,0,0,0,0,1,2,0,0,0,0,0.057,2,RF\,RF,RF,,
Wilyer,Abreu,43,71,49,2024,2024-05-21,TBR,W 5-2,W,4,4,1,0,1,0,0,2,1,0,0,0,0,0.077,2,RF\,RF,RF,,
Wilyer,Abreu,44,72,50,2024,2024-05-22,TBR,W 8-5,W,5,4,2,1,0,0,1,0,5,0,0,0,0,0.165,2,RF\,RF,RF,,
Wilyer,Abreu,45,73,51,2024,2024-05-24,MIL,L 2-7,L,3,3,0,0,0,0,0,3,0,0,0,0,0,-0.089,2,RF\,RF,RF,,
Wilyer,Abreu,46,74,52,2024,2024-05-25,MIL,L 3-6,L,3,3,1,0,0,0,0,0,2,0,0,0,0,0.007,6,RF\,RF,RF,,
Wilyer,Abreu,47,75,53,2024,2024-05-26,MIL,W 2-1,W,4,4,3,0,0,1,0,0,5,0,0,0,0,0.063,2,RF\,RF,RF,,
Wilyer,Abreu,48,76,55,2024,2024-05-28,BAL,W 8-3,W,4,4,1,1,0,0,0,2,4,0,0,0,0,0.044,2,RF\,RF,RF,,
Wilyer,Abreu,49,77,56,2024,2024-05-29,BAL,L 1-6,L,3,3,1,0,0,0,0,1,1,0,0,0,0,-0.018,2,RF\,RF,RF,,
Wilyer,Abreu,50,78,57,2024,2024-05-30,DET,L 0-5,L,3,3,0,0,0,0,0,2,0,0,0,0,0,-0.075,2,RF\,RF,RF,,
Wilyer,Abreu,51,79,58,2024,2024-05-31,DET,W 7-3,W,4,4,0,0,0,0,0,1,0,1,0,0,0,-0.108,2,RF\,RF,RF,,
Wilyer,Abreu,52,80,59,2024,2024-06-01,DET,W 6-3,W,4,3,1,0,0,0,1,0,1,0,0,0,0,0.048,2,RF\,RF,RF,,
Wilyer,Abreu,53,81,60,2024,2024-06-02,DET,L 4-8 (10),L,4,4,1,0,0,0,0,0,2,0,0,0,0,-0.044,2,RF\,RF,RF,,
Wilyer,Abreu,54,82,77,2024,2024-06-22,CIN,W 4-3,W,3,3,1,0,0,0,0,0,2,1,0,0,0,-0.043,2,RF\,RF,RF,,
Wilyer,Abreu,55,83,78,2024,2024-06-23,CIN,W 7-4,W,2,2,0,0,0,0,0,0,0,0,0,0,0,-0.028,6,PH RF\,PH RF,PH,RF,
Wilyer,Abreu,56,84,79,2024,2024-06-24,TOR,W 7-6,W,4,4,0,0,0,0,0,2,0,0,0,0,0,-0.09,3,RF\,RF,RF,,
Wilyer,Abreu,57,85,80,2024,2024-06-25,TOR,L 4-9,L,3,3,0,0,0,0,0,2,0,0,0,0,0,-0.032,3,RF\,RF,RF,,
Wilyer,Abreu,58,86,81,2024,2024-06-26,TOR,L 1-4,L,2,1,0,0,0,0,1,0,0,0,0,0,0,-0.016,3,RF\,RF,RF,,
Wilyer,Abreu,59,87,82,2024,2024-06-28,SDP,L 2-9,L,4,4,1,0,0,0,0,0,1,0,0,0,0,0.04,3,RF\,RF,RF,,
Wilyer,Abreu,60,88,83,2024,2024-06-29,SDP,L 1-11,L,4,4,2,0,0,0,0,2,3,0,0,0,0,0.037,2,RF\,RF,RF,,
Wilyer,Abreu,61,89,84,2024,2024-06-30,SDP,W 4-1,W,3,2,2,0,0,0,1,0,2,0,0,0,0,0.099,3,RF\,RF,RF,,
Wilyer,Abreu,62,90,85,2024,2024-07-02,MIA,W 8-3,W,5,5,1,0,0,0,0,3,2,0,0,0,0,0.046,3,RF\,RF,RF,,
Wilyer,Abreu,63,91,87,2024,2024-07-04,MIA,W 6-5 (12),W,3,3,0,0,0,1,0,2,0,0,0,0,0,-0.143,5,RF\,RF,RF,,
Wilyer,Abreu,64,92,88,2024,2024-07-05,NYY,W 5-3 (10),W,2,2,0,0,0,0,0,2,0,0,0,0,0,-0.152,2,PH RF\,PH RF,PH,RF,
Wilyer,Abreu,65,93,89,2024,2024-07-06,NYY,L 4-14,L,3,3,0,0,0,0,0,1,0,0,0,0,0,-0.081,3,RF\,RF,RF,,
Wilyer,Abreu,66,94,90,2024,2024-07-07,NYY,W 3-0,W,3,3,0,0,0,0,0,3,0,0,0,0,0,-0.062,7,RF\,RF,RF,,
Wilyer,Abreu,67,95,91,2024,2024-07-09,OAK,W 12-9,W,5,3,1,1,0,0,1,0,4,0,0,0,0,0.03,7,RF\,RF,RF,,
Wilyer,Abreu,68,96,92,2024,2024-07-10,OAK,L 2-5,L,2,1,0,0,0,0,1,1,0,0,0,0,0,0.011,2,PH RF\,PH RF,PH,RF,
Wilyer,Abreu,69,97,93,2024,2024-07-11,OAK,W 7-0,W,4,4,3,1,0,0,0,0,7,0,0,0,0,0.113,7,RF\,RF,RF,,
Wilyer,Abreu,70,98,94,2024,2024-07-12,KCR,L 1-6,L,1,1,0,0,0,0,0,1,0,0,0,0,0,-0.03,1,PH RF\,PH RF,PH,RF,
Wilyer,Abreu,71,99,95,2024,2024-07-13,KCR,W 5-0,W,4,4,1,0,0,0,0,0,2,0,0,0,0,0.081,6,RF\,RF,RF,,
Wilyer,Abreu,72,100,96,2024,2024-07-14,KCR,W 5-4,W,3,3,1,0,0,0,0,1,2,0,0,0,0,0.009,6,RF\,RF,RF,,
Wilyer,Abreu,73,101,97,2024,2024-07-19,LAD,L 1-4,L,4,4,0,0,0,0,0,3,0,0,0,0,0,-0.157,6,RF\,RF,RF,,
Wilyer,Abreu,74,102,98,2024,2024-07-20,LAD,L 6-7 (11),L,3,2,1,0,0,0,0,1,2,0,1,0,0,0.081,7,PH RF\,PH RF,PH,RF,
Wilyer,Abreu,75,103,99,2024,2024-07-21,LAD,L 6-9,L,3,3,0,0,0,0,0,1,0,1,0,0,0,-0.222,7,PH RF\,PH RF,PH,RF,
Wilyer,Abreu,76,104,100,2024,2024-07-22,COL,L 8-9 (12),L,1,1,1,0,0,0,0,0,1,0,0,0,0,0.286,2,PR RF\,PR RF,PH,RF,
Wilyer,Abreu,77,105,102,2024,2024-07-24,COL,L 7-20,L,4,3,1,0,0,0,0,1,1,0,0,0,0,-0.001,3,RF\,RF,RF,,
Wilyer,Abreu,78,106,103,2024,2024-07-26,NYY,W 9-7,W,1,1,1,0,0,0,0,0,2,0,0,0,0,0.367,5,PH RF\,PH RF,PH,RF,
Wilyer,Abreu,79,107,104,2024,2024-07-27,NYY,L 8-11 (10),L,6,4,1,1,0,0,2,0,4,0,0,0,0,-0.093,2,RF\,RF,RF,,
Wilyer,Abreu,80,108,106,2024,2024-07-29,SEA,W 14-7,W,5,5,2,0,0,0,0,2,3,0,0,0,0,0.081,2,RF\,RF,RF,,
Wilyer,Abreu,81,109,107,2024,2024-07-30,SEA,L 6-10,L,3,2,1,0,0,0,1,0,2,0,0,0,0,0.063,2,RF\,RF,RF,,
Wilyer,Abreu,82,110,108,2024,2024-07-31,SEA,W 3-2 (10),W,3,3,0,0,0,0,0,0,0,0,0,0,0,-0.109,2,RF\,RF,RF,,
Wilyer,Abreu,83,111,109,2024,2024-08-02,TEX,W 11-6,W,5,5,3,1,0,0,0,1,6,0,0,0,0,0.255,6,RF\,RF,RF,,
Wilyer,Abreu,84,112,110,2024,2024-08-03,TEX,L 4-7,L,2,2,0,0,0,0,0,2,0,0,0,0,0,-0.068,3,PH RF\,PH RF,PH,RF,
Wilyer,Abreu,85,113,111,2024,2024-08-04,TEX,W 7-2,W,4,4,2,2,0,0,0,2,8,0,0,0,0,0.224,6,RF\,RF,RF,,
Wilyer,Abreu,86,114,112,2024,2024-08-05,KCR,W 9-5,W,5,4,1,0,0,0,1,1,1,0,0,0,0,0.008,2,RF\,RF,RF,,
Wilyer,Abreu,87,115,113,2024,2024-08-06,KCR,W 6-5,W,3,1,0,0,0,0,2,1,0,0,0,0,0,0.029,2,RF\,RF,RF,,
Wilyer,Abreu,88,116,114,2024,2024-08-07,KCR,L 4-8,L,1,1,0,0,0,0,0,1,0,0,0,0,0,-0.026,2,PH RF\,PH RF,PH,RF,
Wilyer,Abreu,89,117,115,2024,2024-08-09,HOU,L 4-8,L,3,3,0,0,0,0,0,2,0,0,0,0,0,-0.079,2,RF\,RF,RF,,
Wilyer,Abreu,90,118,116,2024,2024-08-10,HOU,L 4-5,L,4,4,1,0,0,0,0,1,1,0,0,0,0,0.071,2,RF\,RF,RF,,
Wilyer,Abreu,91,119,117,2024,2024-08-11,HOU,L 2-10,L,4,3,0,0,0,0,1,1,0,0,0,0,0,-0.026,3,RF\,RF,RF,,
Wilyer,Abreu,92,120,118,2024,2024-08-12,TEX,W 5-4 (10),W,2,2,1,0,0,0,0,1,1,0,0,0,0,0.06,6,RF\,RF,RF,,
Wilyer,Abreu,93,121,119,2024,2024-08-13,TEX,W 9-4,W,4,3,1,0,0,0,1,1,1,0,0,0,0,0.013,6,RF\,RF,RF,,
Wilyer,Abreu,94,122,120,2024,2024-08-14,TEX,L 7-9 (10),L,5,5,1,1,0,0,0,1,4,0,0,0,0,-0.017,2,RF\,RF,RF,,
Wilyer,Abreu,95,123,121,2024,2024-08-15,BAL,L 1-5,L,3,3,2,1,0,0,0,0,5,0,0,0,0,0.128,2,RF\,RF,RF,,
Wilyer,Abreu,96,124,122,2024,2024-08-16,BAL,W 12-10,W,6,6,1,0,0,0,0,3,2,0,0,0,0,0.027,2,RF\,RF,RF,,
Wilyer,Abreu,97,125,124,2024,2024-08-18,BAL,L 2-4,L,3,3,0,0,0,0,0,1,0,0,0,0,0,-0.097,2,RF\,RF,RF,,
Wilyer,Abreu,98,126,126,2024,2024-08-20,HOU,W 6-5,W,3,2,1,0,0,0,1,0,2,0,0,0,0,0.091,2,RF\,RF,RF,,
Wilyer,Abreu,99,127,127,2024,2024-08-21,HOU,W 4-1,W,4,4,0,0,0,0,0,2,0,0,0,0,0,-0.135,2,RF\,RF,RF,,
Wilyer,Abreu,100,128,128,2024,2024-08-23,ARI,L 2-12,L,3,3,2,0,0,0,0,0,3,0,0,0,0,0.095,2,RF\,RF,RF,,
Wilyer,Abreu,101,129,129,2024,2024-08-24,ARI,L 1-4,L,3,2,0,0,0,0,1,1,0,0,0,0,0,-0.048,2,RF\,RF,RF,,
Wilyer,Abreu,102,130,130,2024,2024-08-25,ARI,L 5-7,L,3,2,1,0,0,0,1,0,1,0,0,0,0,0.065,2,RF\,RF,RF,,
Wilyer,Abreu,103,131,131,2024,2024-08-26,TOR,L 3-7,L,2,2,0,0,0,0,0,2,0,0,0,0,0,-0.08,2,RF\,RF,RF,,
Wilyer,Abreu,104,132,132,2024,2024-08-27,TOR,W 6-3,W,4,4,2,0,0,0,0,1,3,0,0,0,0,0.05,5,RF\,RF,RF,,
Wilyer,Abreu,105,133,133,2024,2024-08-28,TOR,W 3-0,W,4,4,1,0,0,0,0,1,1,0,0,0,0,0.074,5,RF\,RF,RF,,
Wilyer,Abreu,106,134,134,2024,2024-08-29,TOR,L 0-2,L,2,2,0,0,0,0,0,0,0,0,0,0,0,-0.041,5,RF\,RF,RF,,
Wilyer,Abreu,107,135,135,2024,2024-08-30,DET,W 7-5 (10),W,5,4,2,0,0,0,0,0,4,0,0,0,0,0.023,2,RF\,RF,RF,,
Wilyer,Abreu,108,136,137,2024,2024-09-01,DET,L 1-4,L,2,2,0,0,0,0,0,1,0,1,0,0,0,-0.112,7,RF\,RF,RF,,
Wilyer,Abreu,109,137,138,2024,2024-09-02,NYM,L 1-4,L,3,3,1,0,0,0,0,1,1,0,0,0,0,-0.015,2,RF\,RF,RF,,
Wilyer,Abreu,110,138,139,2024,2024-09-03,NYM,L 2-7,L,1,1,0,0,0,0,0,1,0,0,0,0,0,-0.02,1,PH LF\,PH LF,PH,LF,
Wilyer,Abreu,111,139,140,2024,2024-09-04,NYM,L 3-8,L,2,1,0,0,0,0,0,1,0,0,0,0,0,0.004,3,RF\,RF,RF,,
Wilyer,Abreu,112,140,141,2024,2024-09-06,CHW,W 3-1,W,4,3,0,0,0,0,0,1,0,0,1,0,0,-0.027,4,RF\,RF,RF,,
Wilyer,Abreu,113,141,142,2024,2024-09-07,CHW,W 7-5,W,1,1,0,0,0,0,0,1,0,0,0,0,0,-0.011,3,PH DH\,PH DH,PH,DH,
Wilyer,Abreu,114,142,143,2024,2024-09-08,CHW,L 2-7,L,4,4,2,1,0,1,0,1,6,0,0,0,0,0.118,3,RF\,RF,RF,,
Wilyer,Abreu,115,143,145,2024,2024-09-10,BAL,L 3-5,L,3,3,0,0,0,0,0,1,0,0,0,0,0,-0.066,3,RF\,RF,RF,,
Wilyer,Abreu,116,144,146,2024,2024-09-11,BAL,W 5-3 (10),W,3,3,1,0,0,0,0,2,1,0,0,0,0,0.11,3,RF\,RF,RF,,
Wilyer,Abreu,117,145,147,2024,2024-09-12,NYY,L 1-2 (10),L,4,4,1,0,1,0,0,1,1,0,0,0,0,-0.091,8,RF\,RF,RF,,
Wilyer,Abreu,118,146,148,2024,2024-09-13,NYY,L 4-5,L,4,4,0,0,0,0,0,2,0,0,0,0,0,-0.119,6,RF\,RF,RF,,
Wilyer,Abreu,119,147,149,2024,2024-09-14,NYY,W 7-1,W,4,4,1,0,0,0,0,1,1,1,0,0,0,0.098,5,RF\,RF,RF,,
Wilyer,Abreu,120,148,150,2024,2024-09-15,NYY,L 2-5,L,1,0,0,0,0,0,1,0,0,0,0,0,0,0.045,9,PH\,PH,PH,,
Wilyer,Abreu,121,149,151,2024,2024-09-17,TBR,L 3-8,L,3,2,1,0,0,0,1,0,1,0,0,0,0,0.042,6,RF\,RF,RF,,
Wilyer,Abreu,122,150,152,2024,2024-09-18,TBR,W 2-1,W,3,3,0,0,0,0,0,3,0,0,0,0,0,-0.106,6,RF\,RF,RF,,
Wilyer,Abreu,123,151,153,2024,2024-09-19,TBR,L 0-2,L,2,2,0,0,0,0,0,1,0,0,0,0,0,-0.054,8,RF\,RF,RF,,
Wilyer,Abreu,124,152,154,2024,2024-09-20,MIN,L 2-4 (12),L,6,6,1,0,0,0,0,2,1,0,0,0,0,-0.22,5,RF\,RF,RF,,
Wilyer,Abreu,125,153,155,2024,2024-09-22,MIN,W 8-1,W,4,4,1,0,0,0,0,0,2,0,0,0,0,-0.016,7,RF\,RF,RF,,
Wilyer,Abreu,126,154,156,2024,2024-09-22,MIN,W 9-3,W,4,3,0,0,0,0,0,1,0,0,1,0,0,-0.098,7,RF\,RF,RF,,
Wilyer,Abreu,127,155,157,2024,2024-09-23,TOR,W 4-1,W,4,3,2,0,0,0,1,0,3,0,0,0,0,0.184,5,RF\,RF,RF,,
Wilyer,Abreu,128,156,158,2024,2024-09-24,TOR,W 6-5 (10),W,3,2,0,0,0,0,1,0,0,0,0,0,0,-0.07,7,RF\,RF,RF,,
Wilyer,Abreu,129,157,159,2024,2024-09-25,TOR,L 1-6,L,3,2,0,0,0,0,1,0,0,0,0,0,0,0.011,2,RF\,RF,RF,,
Wilyer,Abreu,130,158,160,2024,2024-09-27,TBR,L 1-2,L,2,2,0,0,0,0,0,0,0,0,0,0,0,-0.078,7,RF\,RF,RF,,
Wilyer,Abreu,131,159,161,2024,2024-09-28,TBR,L 2-7,L,4,4,1,0,0,0,0,0,1,0,0,0,0,-0.012,7,RF\,RF,RF,,
Wilyer,Abreu,132,160,162,2024,2024-09-29,TBR,W 3-1,W,4,3,0,0,0,0,1,1,0,1,0,0,0,-0.058,5,RF\,RF,RF,,
Wilyer,Abreu,1,161,1,2025,2025-03-27,TEX,W 5-2,W,4,3,3,2,0,0,1,0,9,0,0,0,0,0.491,7,RF\,RF,RF,,
Wilyer,Abreu,2,162,2,2025,2025-03-28,TEX,L 1-4,L,4,3,2,0,0,0,1,0,2,0,0,0,0,0.191,7,RF\,RF,RF,,
Wilyer,Abreu,3,163,3,2025,2025-03-29,TEX,L 3-4,L,3,3,1,0,0,0,0,0,2,0,0,0,0,-0.01,6,RF\,RF,RF,,
Wilyer,Abreu,4,164,4,2025,2025-03-30,TEX,L 2-3,L,4,1,1,0,1,0,3,0,2,0,0,0,1,0.272,6,RF\,RF,RF,,
Wilyer,Abreu,5,165,5,2025,2025-03-31,BAL,L 5-8,L,1,1,0,0,0,0,0,0,0,0,0,0,0,-0.037,4,PH RF\,PH RF,PH,RF,
Wilyer,Abreu,6,166,6,2025,2025-04-02,BAL,W 3-0,W,4,3,0,0,0,0,1,1,0,0,0,0,0,-0.037,6,RF\,RF,RF,,
Wilyer,Abreu,7,167,7,2025,2025-04-03,BAL,W 8-4,W,4,3,1,0,0,0,1,1,1,0,0,0,0,0.042,6,RF\,RF,RF,,
Wilyer,Abreu,8,168,8,2025,2025-04-04,STL,W 13-9,W,5,5,3,1,0,0,0,0,6,1,0,0,0,0.117,6,RF\,RF,RF,,
Wilyer,Abreu,9,169,9,2025,2025-04-06,STL,W 5-4 (10),W,2,1,1,0,0,0,1,0,1,0,0,0,0,0.435,6,PH RF\,PH RF,PH,RF,
Wilyer,Abreu,10,170,10,2025,2025-04-06,STL,W 18-7,W,6,6,2,0,0,0,0,2,3,0,0,0,0,0.128,4,RF\,RF,RF,,
Wilyer,Abreu,11,171,11,2025,2025-04-07,TOR,L 2-6,L,4,4,0,0,0,0,0,2,0,0,0,0,0,-0.097,6,RF\,RF,RF,,
Wilyer,Abreu,12,172,12,2025,2025-04-08,TOR,L 1-6,L,1,1,0,0,0,0,0,0,0,0,0,0,0,-0.026,8,PH\,PH,PH,,
Wilyer,Abreu,13,173,13,2025,2025-04-09,TOR,L 1-2 (11),L,4,3,0,0,0,0,1,1,0,0,0,0,1,-0.059,6,RF\,RF,RF,,
Wilyer,Abreu,14,174,14,2025,2025-04-10,TOR,W 4-3 (10),W,4,3,0,0,0,0,1,1,0,0,0,0,1,-0.119,7,RF\,RF,RF,,
Wilyer,Abreu,15,175,15,2025,2025-04-11,CHW,L 1-11,L,4,4,2,0,0,0,0,2,3,0,0,0,0,-0.009,6,RF\,RF,RF,,
Wilyer,Abreu,16,176,16,2025,2025-04-12,CHW,L 2-3,L,4,3,1,0,1,0,1,1,1,0,0,0,0,-0.033,7,RF\,RF,RF,,
Wilyer,Abreu,17,177,17,2025,2025-04-13,CHW,W 3-1,W,4,3,0,0,0,0,1,1,0,0,0,0,0,-0.027,4,RF\,RF,RF,,
Wilyer,Abreu,18,178,18,2025,2025-04-14,TBR,L 1-16,L,4,4,1,0,0,0,0,3,1,0,0,0,0,-0.024,4,RF\,RF,RF,,
Wilyer,Abreu,19,179,19,2025,2025-04-15,TBR,W 7-4,W,5,4,0,0,0,0,1,2,0,0,0,0,0,-0.017,4,RF\,RF,RF,,
Wilyer,Abreu,20,180,20,2025,2025-04-16,TBR,W 1-0,W,4,4,1,0,0,0,0,1,2,0,0,0,0,0.002,4,RF\,RF,RF,,
Wilyer,Abreu,21,181,22,2025,2025-04-19,CHW,W 4-3 (10),W,5,4,0,0,0,0,1,0,0,1,0,0,1,-0.21,5,RF\,RF,RF,,
Wilyer,Abreu,22,182,23,2025,2025-04-20,CHW,L 4-8,L,4,4,1,1,0,0,0,1,4,0,0,0,0,0.136,4,RF\,RF,RF,,
Wilyer,Abreu,23,183,24,2025,2025-04-21,CHW,W 4-2,W,4,3,0,0,0,0,1,3,0,0,0,0,0,-0.016,5,RF\,RF,RF,,
Wilyer,Abreu,24,184,25,2025,2025-04-22,SEA,W 8-3,W,5,4,3,0,2,0,1,0,4,0,0,0,0,0.037,5,RF\,RF,RF,,
Wilyer,Abreu,25,185,26,2025,2025-04-23,SEA,L 5-8,L,4,4,0,0,0,0,0,1,0,0,0,0,0,-0.112,4,RF\,RF,RF,,
Wilyer,Abreu,26,186,27,2025,2025-04-24,SEA,L 3-4,L,4,4,0,0,0,0,0,1,0,0,0,0,0,-0.157,4,RF\,RF,RF,,
Wilyer,Abreu,27,187,28,2025,2025-04-26,CLE,L 4-5,L,4,3,1,1,0,0,1,1,4,0,0,0,0,0.181,5,RF\,RF,RF,,
Wilyer,Abreu,28,188,29,2025,2025-04-26,CLE,W 7-3,W,0,0,0,0,0,0,0,0,0,,0,0,,,5,RF\,RF,RF,,
Wilyer,Abreu,29,189,31,2025,2025-04-29,TOR,W 10-2,W,5,4,3,1,0,0,1,0,6,0,0,0,0,0.064,5,RF\,RF,RF,,
Wilyer,Abreu,30,190,32,2025,2025-04-30,TOR,L 6-7 (10),L,5,3,1,0,0,0,2,1,1,0,0,0,0,-0.065,5,RF\,RF,RF,,
Wilyer,Abreu,31,191,33,2025,2025-05-01,TOR,L 2-4,L,4,4,0,0,0,0,0,1,0,0,0,0,0,-0.117,4,RF\,RF,RF,,
Wilyer,Abreu,32,192,34,2025,2025-05-02,MIN,W 6-1,W,4,3,0,0,0,0,1,2,0,0,0,0,0,-0.095,4,RF\,RF,RF,,
Wilyer,Abreu,33,193,35,2025,2025-05-03,MIN,L 3-4,L,5,5,0,0,0,0,0,1,0,0,0,0,0,-0.316,4,RF\,RF,RF,,
Wilyer,Abreu,34,194,36,2025,2025-05-04,MIN,L 4-5,L,4,4,3,1,0,0,0,0,6,0,0,0,0,0.191,5,RF\,RF,RF,,
Wilyer,Abreu,35,195,37,2025,2025-05-06,TEX,L 1-6,L,4,4,1,0,0,0,0,0,1,0,0,0,0,-0.042,5,RF\,RF,RF,,
Wilyer,Abreu,36,196,38,2025,2025-05-07,TEX,W 6-4,W,4,4,3,2,0,0,0,0,10,0,0,0,0,0.146,5,RF\,RF,RF,,
Wilyer,Abreu,37,197,39,2025,2025-05-08,TEX,W 5-0,W,4,4,0,0,0,0,0,0,0,0,0,0,0,-0.059,5,RF\,RF,RF,,
Wilyer,Abreu,38,198,40,2025,2025-05-09,KCR,L 1-2 (12),L,5,5,0,0,0,0,0,0,0,0,0,0,0,-0.264,5,RF\,RF,RF,,
Wilyer,Abreu,39,199,41,2025,2025-05-10,KCR,W 10-1,W,5,4,0,0,0,1,1,1,0,0,0,0,0,-0.022,6,RF\,RF,RF,,
Wilyer,Abreu,40,200,42,2025,2025-05-11,KCR,W 3-1,W,4,4,3,1,0,1,0,0,6,0,0,0,0,0.108,4,RF\,RF,RF,,
Wilyer,Abreu,41,201,43,2025,2025-05-12,DET,L 2-14,L,4,4,1,1,0,0,0,0,4,0,0,0,0,-0.106,5,RF\,RF,RF,,
Wilyer,Abreu,42,202,44,2025,2025-05-13,DET,L 9-10 (11),L,6,6,2,0,0,0,0,2,2,0,0,0,0,-0.001,5,RF\,RF,RF,,
Wilyer,Abreu,43,203,45,2025,2025-05-14,DET,L 5-6,L,1,1,0,0,0,0,0,0,0,1,0,0,0,-0.245,4,PH RF\,PH RF,PH,RF,
Wilyer,Abreu,44,204,46,2025,2025-05-16,ATL,L 2-4,L,1,1,0,0,0,0,0,0,0,0,0,0,0,-0.049,7,PH\,PH,PH,,
Wilyer,Abreu,45,205,47,2025,2025-05-17,ATL,W 7-6,W,4,4,0,0,0,0,0,0,0,0,0,0,0,-0.103,5,RF\,RF,RF,,
Wilyer,Abreu,46,206,48,2025,2025-05-18,ATL,L 4-10,L,3,3,0,0,0,0,0,1,0,0,0,0,0,-0.055,4,RF\,RF,RF,,
Wilyer,Abreu,47,207,49,2025,2025-05-19,NYM,W 3-1,W,4,4,1,0,0,0,0,0,2,0,0,0,0,-0.032,4,RF\,RF,RF,,
Wilyer,Abreu,48,208,50,2025,2025-05-20,NYM,W 2-0,W,4,4,1,0,0,0,0,2,1,0,0,0,0,-0.037,4,RF\,RF,RF,,
Wilyer,Abreu,49,209,51,2025,2025-05-21,NYM,L 1-5,L,4,4,0,0,0,0,0,2,0,0,0,0,0,-0.101,4,RF\,RF,RF,,
Wilyer,Abreu,50,210,53,2025,2025-05-24,BAL,W 6-5 (10),W,4,3,1,1,0,0,1,1,4,0,0,0,0,0.08,3,RF\,RF,RF,,
Wilyer,Abreu,51,211,54,2025,2025-05-24,BAL,L 1-2,L,2,2,1,0,0,0,0,0,1,0,0,0,0,0.051,5,PH RF\,PH RF,PH,RF,
Wilyer,Abreu,52,212,55,2025,2025-05-25,BAL,L 1-5,L,4,4,0,0,0,0,0,1,0,0,0,0,0,-0.071,3,RF\,RF,RF,,
Wilyer,Abreu,53,213,56,2025,2025-05-26,MIL,L 2-3,L,4,4,1,0,0,0,0,1,1,1,0,0,0,-0.168,5,RF\,RF,RF,,
Wilyer,Abreu,54,214,57,2025,2025-05-27,MIL,L 1-5 (10),L,4,4,1,0,0,0,0,0,1,0,0,0,0,-0.056,5,RF\,RF,RF,,
Wilyer,Abreu,55,215,58,2025,2025-05-28,MIL,L 5-6 (10),L,4,4,1,1,0,0,0,2,4,0,0,0,0,0.095,3,RF\,RF,RF,,
Wilyer,Abreu,56,216,59,2025,2025-05-30,ATL,W 5-1,W,3,2,0,0,0,0,1,2,0,0,0,0,0,-0.001,3,RF\,RF,RF,,
Wilyer,Abreu,57,217,60,2025,2025-05-31,ATL,L 0-5,L,4,4,1,0,0,0,0,1,1,0,0,0,0,-0.005,3,RF\,RF,RF,,
Wilyer,Abreu,58,218,61,2025,2025-06-01,ATL,W 3-1,W,4,4,0,0,0,0,0,3,0,0,0,0,0,-0.08,3,RF\,RF,RF,,
Wilyer,Abreu,59,219,62,2025,2025-06-02,LAA,L 6-7,L,1,1,0,0,0,0,0,1,0,0,0,0,0,-0.088,3,PH\,PH,PH,,
Wilyer,Abreu,60,220,63,2025,2025-06-03,LAA,L 3-4 (10),L,2,2,0,0,0,0,0,2,0,0,0,0,0,-0.134,3,PH RF\,PH RF,PH,RF,
Wilyer,Abreu,61,221,64,2025,2025-06-04,LAA,W 11-9,W,3,2,2,0,0,0,0,0,2,0,0,0,0,0.089,3,RF\,RF,RF,,
Wilyer,Abreu,62,222,65,2025,2025-06-06,NYY,L 6-9,L,3,2,0,0,0,0,0,1,0,0,0,0,0,-0.027,3,RF\,RF,RF,,
Wilyer,Abreu,63,223,66,2025,2025-06-07,NYY,W 10-7,W,1,1,0,0,0,0,0,1,0,0,0,0,0,-0.007,3,PH RF\,PH RF,PH,RF,
Wilyer,Abreu,64,224,67,2025,2025-06-08,NYY,W 11-7,W,2,2,0,0,0,0,0,0,0,0,0,0,0,-0.016,3,PH RF\,PH RF,PH,RF,
Wilyer,Abreu,65,225,77,2025,2025-06-20,SFG,W 7-5,W,4,4,2,0,0,0,0,1,3,0,0,0,0,0.136,5,RF\,RF,RF,,
Wilyer,Abreu,66,226,78,2025,2025-06-21,SFG,L 2-3,L,4,4,2,0,0,0,0,1,2,0,0,0,0,0.112,5,RF\,RF,RF,,
Wilyer,Abreu,67,227,79,2025,2025-06-22,SFG,L 5-9,L,1,1,0,0,0,0,0,0,0,0,0,0,0,-0.021,3,PH\,PH,PH,,
Wilyer,Abreu,68,228,80,2025,2025-06-23,LAA,L 5-9,L,4,4,1,0,0,0,0,2,1,0,0,0,0,-0.018,5,RF\,RF,RF,,
Wilyer,Abreu,69,229,81,2025,2025-06-24,LAA,L 2-3 (10),L,2,2,1,0,0,0,0,1,1,0,0,0,0,0.003,1,PH DH\,PH DH,PH,DH,
Wilyer,Abreu,70,230,82,2025,2025-06-25,LAA,L 2-5,L,4,3,0,0,0,0,1,2,0,0,0,0,0,-0.018,5,RF\,RF,RF,,
Wilyer,Abreu,71,231,83,2025,2025-06-27,TOR,L 0-9,L,3,3,1,0,0,0,0,1,1,0,0,0,0,0.009,5,RF\,RF,RF,,
Wilyer,Abreu,72,232,84,2025,2025-06-28,TOR,W 15-1,W,6,6,2,1,0,0,0,2,6,0,0,0,0,0.306,5,RF\,RF,RF,,
Wilyer,Abreu,73,233,85,2025,2025-06-29,TOR,L 3-5,L,2,2,0,0,0,0,0,0,0,0,0,0,0,-0.123,3,PH DH\,PH DH,PH,DH,
Wilyer,Abreu,74,234,86,2025,2025-06-30,CIN,W 13-6,W,5,5,2,2,0,0,0,0,8,0,0,0,0,0.015,5,RF\,RF,RF,,
Wilyer,Abreu,75,235,87,2025,2025-07-01,CIN,W 5-3,W,4,3,2,0,1,0,1,1,2,0,0,0,0,0.316,5,RF\,RF,RF,,
Wilyer,Abreu,76,236,88,2025,2025-07-02,CIN,L 4-8,L,4,4,1,1,0,0,0,1,4,0,0,0,0,0.098,5,DH\,DH,DH,,
Wilyer,Abreu,77,237,89,2025,2025-07-04,WSN,W 11-2,W,5,4,0,0,0,0,1,1,0,0,0,0,0,-0.013,5,RF\,RF,RF,,
Wilyer,Abreu,78,238,91,2025,2025-07-06,WSN,W 6-4,W,0,0,0,0,0,0,0,0,0,,0,0,,,8,PH\,PH,PH,,
Wilyer,Abreu,79,239,92,2025,2025-07-07,COL,W 9-3,W,4,4,2,0,0,0,0,0,3,0,0,0,0,0.171,7,RF\,RF,RF,,
Wilyer,Abreu,80,240,94,2025,2025-07-09,COL,W 10-2,W,5,5,1,1,0,0,0,1,4,2,0,0,0,-0.011,4,RF\,RF,RF,,
Wilyer,Abreu,81,241,95,2025,2025-07-10,TBR,W 4-3,W,4,3,0,0,0,0,1,0,0,0,0,0,0,-0.029,5,RF\,RF,RF,,
Wilyer,Abreu,82,242,96,2025,2025-07-11,TBR,W 5-4,W,3,2,1,0,0,0,1,0,1,0,0,0,0,0.023,5,RF\,RF,RF,,
Wilyer,Abreu,83,243,97,2025,2025-07-12,TBR,W 1-0,W,3,3,0,0,0,0,0,3,0,0,0,0,0,-0.075,7,RF\,RF,RF,,
Wilyer,Abreu,84,244,99,2025,2025-07-18,CHC,L 1-4,L,4,3,0,0,0,0,1,2,0,0,0,0,0,-0.045,5,RF\,RF,RF,,
Wilyer,Abreu,85,245,100,2025,2025-07-19,CHC,L 0-6,L,1,1,0,0,0,0,0,1,0,0,0,0,0,-0.003,3,PH RF\,PH RF,PH,RF,
Wilyer,Abreu,86,246,101,2025,2025-07-20,CHC,W 6-1,W,4,3,2,2,0,1,1,0,8,0,0,0,0,0.338,6,RF\,RF,RF,,
Wilyer,Abreu,87,247,102,2025,2025-07-21,PHI,L 2-3 (10),L,4,4,0,0,0,0,0,2,0,0,0,0,0,-0.189,5,RF\,RF,RF,,
Wilyer,Abreu,88,248,104,2025,2025-07-23,PHI,W 9-8 (11),W,5,5,0,0,0,0,0,3,0,0,0,0,0,-0.204,7,RF\,RF,RF,,
Wilyer,Abreu,89,249,105,2025,2025-07-25,LAD,L 2-5,L,2,2,0,0,0,0,0,1,0,0,0,0,0,-0.039,7,RF\,RF,RF,,
Wilyer,Abreu,90,250,106,2025,2025-07-26,LAD,W 4-2,W,1,1,0,0,0,0,0,0,0,1,0,0,0,-0.063,4,PH\,PH,PH,,
Wilyer,Abreu,91,251,107,2025,2025-07-27,LAD,W 4-3,W,3,3,0,0,0,0,0,1,0,0,0,0,0,-0.043,7,RF\,RF,RF,,
Wilyer,Abreu,92,252,108,2025,2025-07-28,MIN,L 4-5,L,4,4,3,0,1,0,0,0,4,0,0,0,0,0.117,7,RF\,RF,RF,,
Wilyer,Abreu,93,253,109,2025,2025-07-29,MIN,W 8-5,W,5,4,1,0,0,0,1,0,2,0,0,0,0,-0.016,5,RF\,RF,RF,,
Wilyer,Abreu,94,254,110,2025,2025-07-30,MIN,W 13-1,W,5,5,1,0,0,0,0,2,1,0,0,0,0,-0.088,5,RF\,RF,RF,,
Wilyer,Abreu,95,255,111,2025,2025-08-01,HOU,W 2-1 (10),W,4,3,0,0,0,0,0,1,0,0,0,0,0,-0.148,8,RF\,RF,RF,,
Wilyer,Abreu,96,256,113,2025,2025-08-03,HOU,W 6-1,W,3,2,0,0,0,0,0,0,0,1,0,0,0,-0.061,8,RF\,RF,RF,,
Wilyer,Abreu,97,257,114,2025,2025-08-04,KCR,W 8-5,W,4,3,2,0,0,0,1,0,2,0,0,0,0,0.043,3,RF\,RF,RF,,
Wilyer,Abreu,98,258,115,2025,2025-08-05,KCR,W 6-2,W,4,4,2,0,0,0,0,1,3,0,0,0,0,0.151,3,RF\,RF,RF,,
Wilyer,Abreu,99,259,116,2025,2025-08-06,KCR,L 3-7,L,4,3,0,0,0,0,1,1,0,0,0,0,0,-0.05,6,RF\,RF,RF,,
Wilyer,Abreu,100,260,117,2025,2025-08-08,SDP,W 10-2,W,5,4,1,1,0,0,1,0,4,0,0,0,0,0.125,7,RF\,RF,RF,,
Wilyer,Abreu,101,261,118,2025,2025-08-09,SDP,L 4-5 (10),L,5,3,0,0,0,0,2,2,0,0,0,0,1,-0.047,7,RF\,RF,RF,,
Wilyer,Abreu,102,262,119,2025,2025-08-10,SDP,L 2-6,L,4,4,2,0,0,0,0,2,2,0,0,0,0,0.104,7,RF\,RF,RF,,
Wilyer,Abreu,103,263,120,2025,2025-08-11,HOU,L 6-7,L,4,4,0,0,0,0,0,0,0,0,0,0,0,-0.1,5,RF\,RF,RF,,
Wilyer,Abreu,104,264,121,2025,2025-08-12,HOU,W 14-1,W,5,4,2,0,0,0,1,0,4,0,0,0,0,-0.007,7,RF\,RF,RF,,
Wilyer,Abreu,105,265,122,2025,2025-08-13,HOU,L 1-4,L,4,3,2,0,0,0,1,0,2,0,0,0,0,0.015,7,RF\,RF,RF,,
Wilyer,Abreu,106,266,123,2025,2025-08-15,MIA,W 2-1,W,3,3,0,0,0,0,0,1,0,0,0,0,0,-0.096,5,RF\,RF,RF,,
Wilyer,Abreu,107,267,124,2025,2025-08-16,MIA,W 7-5,W,4,4,0,0,0,0,0,2,0,0,0,0,0,-0.019,7,RF\,RF,RF,,
Wilyer,Abreu,108,268,125,2025,2025-08-17,MIA,L 3-5,L,3,3,2,1,0,0,0,0,5,0,0,0,0,0.255,5,RF\,RF,RF,,
Wilyer,Abreu,109,269,156,2025,2025-09-21,TBR,L 3-7,L,4,4,0,0,0,0,0,4,0,0,0,0,0,-0.13,8,DH\,DH,DH,,
Wilyer,Abreu,110,270,157,2025,2025-09-23,TOR,W 4-1,W,3,3,1,0,0,0,0,0,2,0,0,0,0,-0.093,8,RF\,RF,RF,,
Wilyer,Abreu,111,271,158,2025,2025-09-24,TOR,W 7-1,W,4,4,1,0,0,0,0,0,1,0,0,0,0,-0.022,8,RF\,RF,RF,,
Wilyer,Abreu,112,272,159,2025,2025-09-25,TOR,L 1-6,L,0,0,0,0,0,0,0,0,0,,0,0,,,8,PH\,PH,PH,,
Wilyer,Abreu,113,273,160,2025,2025-09-26,DET,W 4-3,W,3,3,0,0,0,0,0,1,0,0,0,0,0,-0.157,8,RF\,RF,RF,,
Wilyer,Abreu,114,274,161,2025,2025-09-27,DET,L 1-2,L,4,4,1,0,0,0,0,2,1,0,0,0,0,-0.076,2,RF\,RF,RF,,
Wilyer,Abreu,115,275,162,2025,2025-09-28,DET,W 4-3,W,4,3,0,0,0,0,1,1,0,0,0,0,0,-0.063,5,RF},RF,RF,,
Roman,Anthony,1,1,68,2025,2025-06-09,TBR,L 8-10 (11),L,5,4,0,0,0,0,1,1,0,0,0,0,0,-0.235,5,RF\,RF,RF,,
Roman,Anthony,2,2,69,2025,2025-06-10,TBR,W 3-1,W,4,4,1,0,0,0,0,1,2,0,0,0,0,0.113,5,RF\,RF,RF,,
Roman,Anthony,3,3,70,2025,2025-06-11,TBR,W 4-3,W,4,4,0,0,0,0,0,1,0,0,0,0,0,-0.079,5,RF\,RF,RF,,
Roman,Anthony,4,4,71,2025,2025-06-13,NYY,W 2-1 (10),W,4,3,0,0,0,0,1,1,0,0,0,0,0,-0.064,5,RF\,RF,RF,,
Roman,Anthony,5,5,72,2025,2025-06-14,NYY,W 4-3,W,1,1,0,0,0,0,0,0,0,0,0,0,0,-0.01,1,PH RF\,PH RF,PH,RF,
Roman,Anthony,6,6,73,2025,2025-06-15,NYY,W 2-0,W,1,1,0,0,0,0,0,0,0,0,0,0,0,-0.006,1,PH RF\,PH RF,PH,RF,
Roman,Anthony,7,7,74,2025,2025-06-16,SEA,W 2-0,W,4,4,1,1,0,0,0,1,4,0,0,0,0,0.066,3,RF\,RF,RF,,
Roman,Anthony,8,8,75,2025,2025-06-17,SEA,L 0-8,L,4,4,0,0,0,0,0,3,0,0,0,0,0,-0.034,3,RF\,RF,RF,,
Roman,Anthony,9,9,76,2025,2025-06-18,SEA,W 3-1,W,4,2,0,0,1,0,1,0,0,0,1,0,0,0.013,3,RF\,RF,RF,,
Roman,Anthony,10,10,77,2025,2025-06-20,SFG,W 7-5,W,5,4,1,0,0,0,1,1,1,0,0,0,0,0.129,3,DH\,DH,DH,,
Roman,Anthony,11,11,78,2025,2025-06-21,SFG,L 2-3,L,4,2,1,0,0,0,2,0,2,0,0,0,0,0.062,3,LF\,LF,LF,,
Roman,Anthony,12,12,79,2025,2025-06-22,SFG,L 5-9,L,5,3,0,0,0,0,2,2,0,0,0,0,0,-0.019,2,RF\,RF,RF,,
Roman,Anthony,13,13,80,2025,2025-06-23,LAA,L 5-9,L,4,3,1,0,0,0,1,1,1,0,0,0,0,-0.076,3,DH\,DH,DH,,
Roman,Anthony,14,14,81,2025,2025-06-24,LAA,L 2-3 (10),L,5,5,0,0,0,0,0,2,0,0,0,0,0,-0.111,2,RF\,RF,RF,,
Roman,Anthony,15,15,82,2025,2025-06-25,LAA,L 2-5,L,1,0,0,0,0,0,1,0,0,0,0,0,0,0.026,1,PH DH\,PH DH,PH,DH,
Roman,Anthony,16,16,83,2025,2025-06-27,TOR,L 0-9,L,3,3,1,0,0,0,0,1,2,1,0,0,0,-0.052,3,DH\,DH,DH,,
Roman,Anthony,17,17,84,2025,2025-06-28,TOR,W 15-1,W,6,6,3,0,0,0,0,1,5,0,0,0,0,-0.005,2,DH\,DH,DH,,
Roman,Anthony,18,18,85,2025,2025-06-29,TOR,L 3-5,L,4,4,2,0,0,0,0,1,2,0,0,0,0,0.019,2,RF\,RF,RF,,
Roman,Anthony,19,19,86,2025,2025-06-30,CIN,W 13-6,W,5,5,2,0,0,0,0,2,2,0,0,0,0,0.113,2,DH\,DH,DH,,
Roman,Anthony,20,20,87,2025,2025-07-01,CIN,W 5-3,W,4,4,1,0,0,0,0,2,2,0,0,0,0,0.009,2,DH\,DH,DH,,
Roman,Anthony,21,21,88,2025,2025-07-02,CIN,L 4-8,L,4,4,0,0,0,0,0,1,0,0,0,0,0,-0.103,2,RF\,RF,RF,,
Roman,Anthony,22,22,89,2025,2025-07-04,WSN,W 11-2,W,6,3,2,0,0,0,2,0,3,0,1,0,0,0.087,2,DH\,DH,DH,,
Roman,Anthony,23,23,90,2025,2025-07-05,WSN,W 10-3,W,5,5,2,0,0,0,0,0,2,0,0,0,0,0.044,3,RF\,RF,RF,,
Roman,Anthony,24,24,91,2025,2025-07-06,WSN,W 6-4,W,5,5,1,0,0,0,0,2,1,0,0,0,0,0.037,3,RF\,RF,RF,,
Roman,Anthony,25,25,92,2025,2025-07-07,COL,W 9-3,W,5,5,3,1,0,0,0,1,6,0,0,0,0,0.132,3,DH\,DH,DH,,
Roman,Anthony,26,26,93,2025,2025-07-08,COL,W 10-2,W,4,3,1,0,0,0,1,1,1,0,0,0,0,-0.014,3,RF\,RF,RF,,
Roman,Anthony,27,27,94,2025,2025-07-09,COL,W 10-2,W,5,4,2,0,0,0,0,0,2,0,1,0,0,0.017,2,LF\,LF,LF,,
Roman,Anthony,28,28,95,2025,2025-07-10,TBR,W 4-3,W,4,4,1,0,1,0,0,1,1,0,0,0,0,0.044,2,DH\,DH,DH,,
Roman,Anthony,29,29,96,2025,2025-07-11,TBR,W 5-4,W,1,0,0,0,0,0,1,0,0,0,0,0,0,0.097,8,PH\,PH,PH,,
Roman,Anthony,30,30,97,2025,2025-07-12,TBR,W 1-0,W,4,3,1,0,0,0,1,0,2,0,0,0,0,0.019,3,LF\,LF,LF,,
Roman,Anthony,31,31,98,2025,2025-07-13,TBR,W 4-1,W,4,4,1,0,0,0,0,0,2,0,0,0,0,0.022,3,RF\,RF,RF,,
Roman,Anthony,32,32,99,2025,2025-07-18,CHC,L 1-4,L,4,3,1,0,0,0,1,1,2,0,0,0,0,0.069,3,DH\,DH,DH,,
Roman,Anthony,33,33,100,2025,2025-07-19,CHC,L 0-6,L,4,3,0,0,0,0,1,2,0,0,0,0,0,-0.008,4,RF LF\,RF LF,RF,LF,
Roman,Anthony,34,34,101,2025,2025-07-20,CHC,W 6-1,W,5,4,2,0,0,0,1,1,2,0,0,0,0,0.138,2,DH\,DH,DH,,
Roman,Anthony,35,35,102,2025,2025-07-21,PHI,L 2-3 (10),L,5,5,1,0,0,0,0,4,2,0,0,0,0,-0.083,3,DH\,DH,DH,,
Roman,Anthony,36,36,103,2025,2025-07-22,PHI,L 1-4,L,4,4,0,0,0,0,0,4,0,0,0,0,0,-0.069,2,RF\,RF,RF,,
Roman,Anthony,37,37,104,2025,2025-07-23,PHI,W 9-8 (11),W,3,2,1,0,0,0,1,1,2,0,0,0,0,-0.038,1,PH LF\,PH LF,PH,LF,
Roman,Anthony,38,38,105,2025,2025-07-25,LAD,L 2-5,L,4,3,0,0,0,0,1,1,0,0,0,0,0,-0.08,3,RF LF\,RF LF,RF,LF,
Roman,Anthony,39,39,106,2025,2025-07-26,LAD,W 4-2,W,4,2,2,0,0,0,2,0,3,0,0,0,0,0.206,3,RF\,RF,RF,,
Roman,Anthony,40,40,107,2025,2025-07-27,LAD,W 4-3,W,4,3,1,0,0,0,0,0,3,0,1,0,0,0.188,1,LF\,LF,LF,,
Roman,Anthony,41,41,108,2025,2025-07-28,MIN,L 4-5,L,5,3,2,0,0,1,2,1,2,0,0,0,0,0.165,1,LF\,LF,LF,,
Roman,Anthony,42,42,109,2025,2025-07-29,MIN,W 8-5,W,5,4,1,0,0,0,1,1,1,0,0,0,0,0.028,1,DH\,DH,DH,,
Roman,Anthony,43,43,110,2025,2025-07-30,MIN,W 13-1,W,6,5,2,0,0,0,0,1,3,0,1,0,0,0.159,1,LF\,LF,LF,,
Roman,Anthony,44,44,111,2025,2025-08-01,HOU,W 2-1 (10),W,5,5,2,0,0,0,0,0,2,0,0,0,0,-0.019,1,LF\,LF,LF,,
Roman,Anthony,45,45,112,2025,2025-08-02,HOU,W 7-3,W,4,3,1,0,0,0,1,2,1,0,0,0,0,-0.006,3,RF\,RF,RF,,
Roman,Anthony,46,46,113,2025,2025-08-03,HOU,W 6-1,W,4,4,1,0,0,0,0,1,2,0,0,0,0,0.047,3,LF\,LF,LF,,
Roman,Anthony,47,47,116,2025,2025-08-06,KCR,L 3-7,L,4,4,0,0,0,0,0,0,0,0,0,0,0,-0.071,1,LF\,LF,LF,,
Roman,Anthony,48,48,117,2025,2025-08-08,SDP,W 10-2,W,5,4,2,0,0,0,1,1,2,0,0,0,0,0,1,LF\,LF,LF,,
Roman,Anthony,49,49,118,2025,2025-08-09,SDP,L 4-5 (10),L,5,5,1,0,0,0,0,2,2,0,0,0,0,0.178,1,LF\,LF,LF,,
Roman,Anthony,50,50,119,2025,2025-08-10,SDP,L 2-6,L,4,3,1,0,0,0,1,2,1,0,0,0,0,-0.037,1,LF\,LF,LF,,
Roman,Anthony,51,51,120,2025,2025-08-11,HOU,L 6-7,L,5,5,2,1,0,0,0,2,5,0,0,0,0,0.043,1,DH\,DH,DH,,
Roman,Anthony,52,52,121,2025,2025-08-12,HOU,W 14-1,W,6,2,1,1,1,0,4,1,4,0,0,0,0,0.097,1,LF\,LF,LF,,
Roman,Anthony,53,53,122,2025,2025-08-13,HOU,L 1-4,L,4,4,0,0,0,0,0,3,0,0,0,0,0,-0.092,1,LF\,LF,LF,,
Roman,Anthony,54,54,123,2025,2025-08-15,MIA,W 2-1,W,4,2,0,0,0,0,2,2,0,0,0,0,0,0.044,1,DH\,DH,DH,,
Roman,Anthony,55,55,124,2025,2025-08-16,MIA,W 7-5,W,5,4,2,0,1,0,1,0,3,0,0,0,0,0.115,1,LF\,LF,LF,,
Roman,Anthony,56,56,125,2025,2025-08-17,MIA,L 3-5,L,4,4,0,0,0,0,0,1,0,0,0,0,0,-0.111,1,RF LF\,RF LF,RF,LF,
Roman,Anthony,57,57,126,2025,2025-08-18,BAL,L 3-6,L,4,4,2,0,0,0,0,2,2,0,0,0,0,0.027,2,RF\,RF,RF,,
Roman,Anthony,58,58,127,2025,2025-08-19,BAL,L 3-4 (11),L,6,5,2,0,0,0,1,0,2,0,0,0,0,-0.026,1,RF\,RF,RF,,
Roman,Anthony,59,59,128,2025,2025-08-21,NYY,W 6-3,W,6,5,2,1,0,0,1,1,5,0,0,0,0,0.221,1,RF\,RF,RF,,
Roman,Anthony,60,60,129,2025,2025-08-22,NYY,W 1-0,W,4,4,0,0,0,0,0,3,0,0,0,0,0,-0.155,3,DH\,DH,DH,,
Roman,Anthony,61,61,130,2025,2025-08-23,NYY,W 12-1,W,6,4,2,0,0,0,1,2,3,0,0,0,0,0.061,1,RF\,RF,RF,,
Roman,Anthony,62,62,131,2025,2025-08-24,NYY,L 2-7,L,4,4,0,0,0,0,0,2,0,0,0,0,0,-0.085,3,DH\,DH,DH,,
Roman,Anthony,63,63,132,2025,2025-08-25,BAL,W 4-3,W,4,4,2,1,0,0,0,2,5,0,0,0,0,0.111,1,RF\,RF,RF,,
Roman,Anthony,64,64,133,2025,2025-08-26,BAL,W 5-0,W,4,4,2,0,0,0,0,1,2,0,0,0,0,-0.006,1,RF\,RF,RF,,
Roman,Anthony,65,65,134,2025,2025-08-27,BAL,W 3-2,W,4,4,1,1,0,0,0,2,4,0,0,0,0,-0.07,1,RF\,RF,RF,,
Roman,Anthony,66,66,135,2025,2025-08-28,BAL,W 3-2,W,4,3,2,0,0,0,1,1,2,0,0,0,0,0.094,1,RF\,RF,RF,,
Roman,Anthony,67,67,136,2025,2025-08-29,PIT,L 2-4,L,4,4,2,1,0,0,0,0,5,1,0,0,0,0.03,1,RF\,RF,RF,,
Roman,Anthony,68,68,137,2025,2025-08-30,PIT,L 3-10,L,5,5,1,0,0,0,0,3,1,0,0,0,0,-0.078,1,RF\,RF,RF,,
Roman,Anthony,69,69,138,2025,2025-08-31,PIT,W 5-2,W,4,3,0,0,0,0,1,2,0,0,0,0,0,-0.021,1,RF\,RF,RF,,
Roman,Anthony,70,70,139,2025,2025-09-01,CLE,W 6-4,W,5,5,2,0,0,0,0,1,2,0,0,0,0,0.033,1,RF\,RF,RF,,
Roman,Anthony,71,71,140,2025,2025-09-02,CLE,W 11-7,W,3,3,1,0,0,0,0,1,1,0,0,0,0,0.036,1,RF\,RF,RF,,
